序号,1.身份,2.饮用频率,3.主要目的/场景,4.消费形式,5.最常购买来源,6.每月支出,7.影响因素-价格,7.影响因素-距离,7.影响因素-口味,7.影响因素-空间,7.影响因素-品牌影响力,8.联名活动影响,9.单杯心理价位,10.商战/红包反应,11.外卖无法送入反应,12.看重的硬性条件,13.期望的营业时间,14.最吸引的促销方式,15.健康/代餐需求,16.其他建议
1,本科生,3-5 次,课间/办公提神、线下社交/组会讨论、搭配餐食（早餐或下午茶）,线下自取（点单后步行至店取走）,校内经营点（食堂、教学楼内咖啡柜台 / 自动机等）,100-300 元,5,4,4,3,3,基本不关注联名信息，只看产品本身,20-30 元（精品店 / 社交空间）,极大刺激了消费，会因为领到大额券而特意下单,直接购买校内步行最近的咖啡品牌 / 自动机,充足的电源插座,现有的常规营业时间（如 9:00-21:00）已足够,提供针对校内师生的 “外卖免配送费” 活动,偶尔会尝试，但不是刚需,
2,校外人员,3-5 次,图书馆/自习室长时间陪伴、线下社交/组会讨论,堂食（在店内停留使用空间）,校园周边沿街店铺（如枣阳路等步行可达区域）,100-300 元,3,5,4,4,5,基本不关注联名信息，只看产品本身,20-30 元（精品店 / 社交空间）,有一定影响，领券后会倾向于选择该平台的店铺,步行去校门口取餐点自提（为了特定品牌或更低价格）,室内采光与通风情况,晚上 22:00 后继续营业（满足熬夜科研 / 赶 due 需求）,加入该校区专属社群，定期领取大额优惠券,必须有相关选项，且经常购买,千问的活动希望能多搞，学生党真的很需要优惠！
3,研究生（硕士/博士）,1-2 次,搭配餐食（早餐或下午茶）,线下自取（点单后步行至店取走）,仅通过外卖平台跨区域点单（配送距离较远）,100 元以下,4,5,4,3,2,只要有我喜欢的 IP，一定会去购买,20-30 元（精品店 / 社交空间）,有一定影响，领券后会倾向于选择该平台的店铺,步行去校门口取餐点自提（为了特定品牌或更低价格）,不在咖啡店学习或工作,早晨 7:30 前开始营业（满足早八课提神需求）,针对本校师生持有效证件（学生证 / 教工证）长期打折,偶尔会尝试，但不是刚需,挺好的
4,校外人员,1-2 次,课间/办公提神、图书馆/自习室长时间陪伴,堂食（在店内停留使用空间）,校园周边沿街店铺（如枣阳路等步行可达区域）,100-300 元,4,3,4,4,4,仅在有实用赠品（杯垫、贴纸、提袋）时考虑,20-30 元（精品店 / 社交空间）,极大刺激了消费，会因为领到大额券而特意下单,放弃本次购买,充足的电源插座,早晨 7:30 前开始营业（满足早八课提神需求）,加入该校区专属社群，定期领取大额优惠券,基本不关注，只喝常规款咖啡,乳糖不耐受，强烈呼吁校内机子加燕麦奶选项。
5,校外人员,1-2 次,图书馆/自习室长时间陪伴,堂食（在店内停留使用空间）,附近商圈连锁品牌（如环球港、近铁等）,500 元以上,2,5,4,4,5,只要有我喜欢的 IP，一定会去购买,10-20 元（主流连锁品牌）,极大刺激了消费，会因为领到大额券而特意下单,步行去校门口取餐点自提（为了特定品牌或更低价格）,室内安静程度（背景音乐音量适中）,早晨 7:30 前开始营业（满足早八课提神需求）,针对本校师生持有效证件（学生证 / 教工证）长期打折,基本不关注，只喝常规款咖啡,挺好的
6,本科生,1-2 次,图书馆/自习室长时间陪伴、课间/办公提神,线下自取（点单后步行至店取走）,校内经营点（食堂、教学楼内咖啡柜台 / 自动机等）,100-300 元,4,5,2,4,1,会增加好感，但最终仍取决于价格和口味,10 元以下（极致性价比）,影响很小，只在本来就想喝的时候顺便寻找优惠,步行去校门口取餐点自提（为了特定品牌或更低价格）,室内安静程度（背景音乐音量适中）,现有的常规营业时间（如 9:00-21:00）已足够,针对本校师生持有效证件（学生证 / 教工证）长期打折,完全不需要,无
7,教职工,每天 1 次及以上,课间/办公提神、图书馆/自习室长时间陪伴,堂食（在店内停留使用空间）,仅通过外卖平台跨区域点单（配送距离较远）,100-300 元,3,3,5,5,5,基本不关注联名信息，只看产品本身,10-20 元（主流连锁品牌）,有一定影响，领券后会倾向于选择该平台的店铺,步行去校门口取餐点自提（为了特定品牌或更低价格）,室内安静程度（背景音乐音量适中）,早晨 7:30 前开始营业（满足早八课提神需求）,针对本校师生持有效证件（学生证 / 教工证）长期打折,基本不关注，只喝常规款咖啡,
8,本科生,3-5 次,图书馆/自习室长时间陪伴、搭配餐食（早餐或下午茶）,线下自取（点单后步行至店取走）,校内经营点（食堂、教学楼内咖啡柜台 / 自动机等）,300-500 元,5,5,2,3,2,仅在有实用赠品（杯垫、贴纸、提袋）时考虑,10-20 元（主流连锁品牌）,有一定影响，领券后会倾向于选择该平台的店铺,步行去校门口取餐点自提（为了特定品牌或更低价格）,桌面高度与椅子舒适度（适合长时间码字）,晚上 22:00 后继续营业（满足熬夜科研 / 赶 due 需求）,持续的 “开业前三天买一送一”,完全不需要,
9,研究生（硕士/博士）,3-5 次,线下社交/组会讨论、搭配餐食（早餐或下午茶）,线下自取（点单后步行至店取走）,校内经营点（食堂、教学楼内咖啡柜台 / 自动机等）,100 元以下,4,5,2,5,2,基本不关注联名信息，只看产品本身,20-30 元（精品店 / 社交空间）,有一定影响，领券后会倾向于选择该平台的店铺,放弃本次购买,充足的电源插座,现有的常规营业时间（如 9:00-21:00）已足够,针对本校师生持有效证件（学生证 / 教工证）长期打折,完全不需要,
10,校外人员,每天 1 次及以上,课间/办公提神,线下自取（点单后步行至店取走）,附近商圈连锁品牌（如环球港、近铁等）,300-500 元,4,4,5,5,3,基本不关注联名信息，只看产品本身,10-20 元（主流连锁品牌）,有一定影响，领券后会倾向于选择该平台的店铺,步行去校门口取餐点自提（为了特定品牌或更低价格）,不在咖啡店学习或工作,晚上 22:00 后继续营业（满足熬夜科研 / 赶 due 需求）,持续的 “开业前三天买一送一”,必须有相关选项，且经常购买,无
11,本科生,3-5 次,图书馆/自习室长时间陪伴、线下社交/组会讨论,外卖配送（送至校门口或宿舍楼）,校内经营点（食堂、教学楼内咖啡柜台 / 自动机等）,100-300 元,4,5,3,5,1,基本不关注联名信息，只看产品本身,10 元以下（极致性价比）,极大刺激了消费，会因为领到大额券而特意下单,直接购买校内步行最近的咖啡品牌 / 自动机,不在咖啡店学习或工作,晚上 22:00 后继续营业（满足熬夜科研 / 赶 due 需求）,提供针对校内师生的 “外卖免配送费” 活动,偶尔会尝试，但不是刚需,挺好的
12,本科生,3-5 次,线下社交/组会讨论、搭配餐食（早餐或下午茶）、图书馆/自习室长时间陪伴,线下自取（点单后步行至店取走）,校内经营点（食堂、教学楼内咖啡柜台 / 自动机等）,100-300 元,5,4,2,3,3,会增加好感，但最终仍取决于价格和口味,10-20 元（主流连锁品牌）,极大刺激了消费，会因为领到大额券而特意下单,直接购买校内步行最近的咖啡品牌 / 自动机,不在咖啡店学习或工作,周末及节假日保持全天候营业,针对本校师生持有效证件（学生证 / 教工证）长期打折,完全不需要,挺好的
13,校外人员,1-2 次,课间/办公提神,堂食（在店内停留使用空间）,附近商圈连锁品牌（如环球港、近铁等）,300-500 元,4,3,5,4,5,会增加好感，但最终仍取决于价格和口味,20-30 元（精品店 / 社交空间）,影响很小，只在本来就想喝的时候顺便寻找优惠,步行去校门口取餐点自提（为了特定品牌或更低价格）,室内采光与通风情况,晚上 22:00 后继续营业（满足熬夜科研 / 赶 due 需求）,持续的 “开业前三天买一送一”,基本不关注，只喝常规款咖啡,无
14,本科生,每天 1 次及以上,课间/办公提神、线下社交/组会讨论,堂食（在店内停留使用空间）,校园周边沿街店铺（如枣阳路等步行可达区域）,100-300 元,5,4,3,3,3,仅在有实用赠品（杯垫、贴纸、提袋）时考虑,10 元以下（极致性价比）,有一定影响，领券后会倾向于选择该平台的店铺,直接购买校内步行最近的咖啡品牌 / 自动机,桌面高度与椅子舒适度（适合长时间码字）,现有的常规营业时间（如 9:00-21:00）已足够,提供针对校内师生的 “外卖免配送费” 活动,偶尔会尝试，但不是刚需,希望早八能早点开门，有时候赶早课买不到。
15,本科生,每天 1 次及以上,线下社交/组会讨论、搭配餐食（早餐或下午茶）、课间/办公提神,堂食（在店内停留使用空间）,校园周边沿街店铺（如枣阳路等步行可达区域）,100-300 元,5,5,2,5,1,会增加好感，但最终仍取决于价格和口味,10-20 元（主流连锁品牌）,有一定影响，领券后会倾向于选择该平台的店铺,放弃本次购买,室内安静程度（背景音乐音量适中）,早晨 7:30 前开始营业（满足早八课提神需求）,提供针对校内师生的 “外卖免配送费” 活动,偶尔会尝试，但不是刚需,挺好的
16,研究生（硕士/博士）,3-5 次,图书馆/自习室长时间陪伴、线下社交/组会讨论,线下自取（点单后步行至店取走）,校园周边沿街店铺（如枣阳路等步行可达区域）,300-500 元,4,5,3,4,2,仅在有实用赠品（杯垫、贴纸、提袋）时考虑,20-30 元（精品店 / 社交空间）,有一定影响，领券后会倾向于选择该平台的店铺,步行去校门口取餐点自提（为了特定品牌或更低价格）,室内安静程度（背景音乐音量适中）,早晨 7:30 前开始营业（满足早八课提神需求）,提供针对校内师生的 “外卖免配送费” 活动,完全不需要,无
17,本科生,3-5 次,搭配餐食（早餐或下午茶）、线下社交/组会讨论、图书馆/自习室长时间陪伴,堂食（在店内停留使用空间）,校内经营点（食堂、教学楼内咖啡柜台 / 自动机等）,100 元以下,5,4,2,5,1,会增加好感，但最终仍取决于价格和口味,10 元以下（极致性价比）,极大刺激了消费，会因为领到大额券而特意下单,步行去校门口取餐点自提（为了特定品牌或更低价格）,桌面高度与椅子舒适度（适合长时间码字）,晚上 22:00 后继续营业（满足熬夜科研 / 赶 due 需求）,针对本校师生持有效证件（学生证 / 教工证）长期打折,偶尔会尝试，但不是刚需,挺好的
18,校外人员,1-2 次,线下社交/组会讨论、课间/办公提神,线下自取（点单后步行至店取走）,校园周边沿街店铺（如枣阳路等步行可达区域）,300-500 元,4,4,4,4,4,会增加好感，但最终仍取决于价格和口味,20-30 元（精品店 / 社交空间）,有一定影响，领券后会倾向于选择该平台的店铺,步行去校门口取餐点自提（为了特定品牌或更低价格）,充足的电源插座,周末及节假日保持全天候营业,提供针对校内师生的 “外卖免配送费” 活动,偶尔会尝试，但不是刚需,
19,校外人员,每天 1 次及以上,线下社交/组会讨论、图书馆/自习室长时间陪伴,堂食（在店内停留使用空间）,附近商圈连锁品牌（如环球港、近铁等）,100-300 元,2,5,5,4,5,只要有我喜欢的 IP，一定会去购买,20-30 元（精品店 / 社交空间）,有一定影响，领券后会倾向于选择该平台的店铺,步行去校门口取餐点自提（为了特定品牌或更低价格）,室内安静程度（背景音乐音量适中）,现有的常规营业时间（如 9:00-21:00）已足够,针对本校师生持有效证件（学生证 / 教工证）长期打折,偶尔会尝试，但不是刚需,无
20,研究生（硕士/博士）,1-2 次,搭配餐食（早餐或下午茶）,线下自取（点单后步行至店取走）,校内经营点（食堂、教学楼内咖啡柜台 / 自动机等）,100-300 元,5,5,3,5,3,仅在有实用赠品（杯垫、贴纸、提袋）时考虑,20-30 元（精品店 / 社交空间）,极大刺激了消费，会因为领到大额券而特意下单,直接购买校内步行最近的咖啡品牌 / 自动机,室内安静程度（背景音乐音量适中）,晚上 22:00 后继续营业（满足熬夜科研 / 赶 due 需求）,提供针对校内师生的 “外卖免配送费” 活动,基本不关注，只喝常规款咖啡,挺好的
21,本科生,1-2 次,图书馆/自习室长时间陪伴、线下社交/组会讨论,线下自取（点单后步行至店取走）,附近商圈连锁品牌（如环球港、近铁等）,100-300 元,5,5,2,4,2,基本不关注联名信息，只看产品本身,10-20 元（主流连锁品牌）,极大刺激了消费，会因为领到大额券而特意下单,直接购买校内步行最近的咖啡品牌 / 自动机,室内安静程度（背景音乐音量适中）,早晨 7:30 前开始营业（满足早八课提神需求）,提供针对校内师生的 “外卖免配送费” 活动,基本不关注，只喝常规款咖啡,无
22,研究生（硕士/博士）,1-2 次,课间/办公提神,线下自取（点单后步行至店取走）,校内经营点（食堂、教学楼内咖啡柜台 / 自动机等）,300-500 元,4,5,3,3,1,只要有我喜欢的 IP，一定会去购买,10-20 元（主流连锁品牌）,有一定影响，领券后会倾向于选择该平台的店铺,步行去校门口取餐点自提（为了特定品牌或更低价格）,充足的电源插座,周末及节假日保持全天候营业,针对本校师生持有效证件（学生证 / 教工证）长期打折,完全不需要,挺好的
23,本科生,3-5 次,线下社交/组会讨论,堂食（在店内停留使用空间）,校园周边沿街店铺（如枣阳路等步行可达区域）,100-300 元,4,4,2,3,1,基本不关注联名信息，只看产品本身,10 元以下（极致性价比）,影响很小，只在本来就想喝的时候顺便寻找优惠,步行去校门口取餐点自提（为了特定品牌或更低价格）,室内采光与通风情况,晚上 22:00 后继续营业（满足熬夜科研 / 赶 due 需求）,持续的 “开业前三天买一送一”,基本不关注，只喝常规款咖啡,无
24,本科生,每天 1 次及以上,图书馆/自习室长时间陪伴,外卖配送（送至校门口或宿舍楼）,校内经营点（食堂、教学楼内咖啡柜台 / 自动机等）,100 元以下,4,5,3,4,2,只要有我喜欢的 IP，一定会去购买,10-20 元（主流连锁品牌）,影响很小，只在本来就想喝的时候顺便寻找优惠,放弃本次购买,不在咖啡店学习或工作,现有的常规营业时间（如 9:00-21:00）已足够,提供针对校内师生的 “外卖免配送费” 活动,基本不关注，只喝常规款咖啡,挺好的
25,研究生（硕士/博士）,3-5 次,图书馆/自习室长时间陪伴、课间/办公提神,外卖配送（送至校门口或宿舍楼）,校内经营点（食堂、教学楼内咖啡柜台 / 自动机等）,100-300 元,4,4,3,5,1,仅在有实用赠品（杯垫、贴纸、提袋）时考虑,10-20 元（主流连锁品牌）,有一定影响，领券后会倾向于选择该平台的店铺,支付更高费用选择能送达校内楼栋的特殊配送,不在咖啡店学习或工作,晚上 22:00 后继续营业（满足熬夜科研 / 赶 due 需求）,针对本校师生持有效证件（学生证 / 教工证）长期打折,偶尔会尝试，但不是刚需,无
26,本科生,1-2 次,线下社交/组会讨论,外卖配送（送至校门口或宿舍楼）,校园周边沿街店铺（如枣阳路等步行可达区域）,100-300 元,4,5,2,4,3,仅在有实用赠品（杯垫、贴纸、提袋）时考虑,10-20 元（主流连锁品牌）,无影响，依然根据个人口味偏好下单,步行去校门口取餐点自提（为了特定品牌或更低价格）,桌面高度与椅子舒适度（适合长时间码字）,晚上 22:00 后继续营业（满足熬夜科研 / 赶 due 需求）,加入该校区专属社群，定期领取大额优惠券,基本不关注，只喝常规款咖啡,无
27,教职工,1-2 次,图书馆/自习室长时间陪伴、搭配餐食（早餐或下午茶）,堂食（在店内停留使用空间）,仅通过外卖平台跨区域点单（配送距离较远）,100-300 元,4,4,5,5,3,会增加好感，但最终仍取决于价格和口味,20-30 元（精品店 / 社交空间）,极大刺激了消费，会因为领到大额券而特意下单,放弃本次购买,不在咖啡店学习或工作,现有的常规营业时间（如 9:00-21:00）已足够,加入该校区专属社群，定期领取大额优惠券,基本不关注，只喝常规款咖啡,
28,校外人员,1-2 次,线下社交/组会讨论、搭配餐食（早餐或下午茶）,堂食（在店内停留使用空间）,校园周边沿街店铺（如枣阳路等步行可达区域）,500 元以上,2,4,5,4,4,会增加好感，但最终仍取决于价格和口味,10-20 元（主流连锁品牌）,极大刺激了消费，会因为领到大额券而特意下单,直接购买校内步行最近的咖啡品牌 / 自动机,室内安静程度（背景音乐音量适中）,早晨 7:30 前开始营业（满足早八课提神需求）,提供针对校内师生的 “外卖免配送费” 活动,基本不关注，只喝常规款咖啡,无
29,研究生（硕士/博士）,1-2 次,课间/办公提神、线下社交/组会讨论,线下自取（点单后步行至店取走）,校内经营点（食堂、教学楼内咖啡柜台 / 自动机等）,100-300 元,4,5,3,4,1,只要有我喜欢的 IP，一定会去购买,20-30 元（精品店 / 社交空间）,有一定影响，领券后会倾向于选择该平台的店铺,放弃本次购买,充足的电源插座,周末及节假日保持全天候营业,针对本校师生持有效证件（学生证 / 教工证）长期打折,基本不关注，只喝常规款咖啡,无
30,本科生,1-2 次,图书馆/自习室长时间陪伴,线下自取（点单后步行至店取走）,校园周边沿街店铺（如枣阳路等步行可达区域）,300-500 元,4,5,4,5,2,只要有我喜欢的 IP，一定会去购买,10 元以下（极致性价比）,无影响，依然根据个人口味偏好下单,步行去校门口取餐点自提（为了特定品牌或更低价格）,桌面高度与椅子舒适度（适合长时间码字）,晚上 22:00 后继续营业（满足熬夜科研 / 赶 due 需求）,加入该校区专属社群，定期领取大额优惠券,偶尔会尝试，但不是刚需,挺好的
31,校外人员,3-5 次,课间/办公提神,线下自取（点单后步行至店取走）,校园周边沿街店铺（如枣阳路等步行可达区域）,100-300 元,3,5,4,4,3,会增加好感，但最终仍取决于价格和口味,10-20 元（主流连锁品牌）,有一定影响，领券后会倾向于选择该平台的店铺,直接购买校内步行最近的咖啡品牌 / 自动机,不在咖啡店学习或工作,现有的常规营业时间（如 9:00-21:00）已足够,持续的 “开业前三天买一送一”,基本不关注，只喝常规款咖啡,
32,本科生,1-2 次,课间/办公提神、图书馆/自习室长时间陪伴,线下自取（点单后步行至店取走）,校园周边沿街店铺（如枣阳路等步行可达区域）,100 元以下,5,4,2,3,1,会增加好感，但最终仍取决于价格和口味,10-20 元（主流连锁品牌）,极大刺激了消费，会因为领到大额券而特意下单,放弃本次购买,不在咖啡店学习或工作,现有的常规营业时间（如 9:00-21:00）已足够,加入该校区专属社群，定期领取大额优惠券,完全不需要,无
33,研究生（硕士/博士）,每天 1 次及以上,搭配餐食（早餐或下午茶）、课间/办公提神,堂食（在店内停留使用空间）,仅通过外卖平台跨区域点单（配送距离较远）,100-300 元,4,4,3,5,1,仅在有实用赠品（杯垫、贴纸、提袋）时考虑,20-30 元（精品店 / 社交空间）,无影响，依然根据个人口味偏好下单,步行去校门口取餐点自提（为了特定品牌或更低价格）,充足的电源插座,晚上 22:00 后继续营业（满足熬夜科研 / 赶 due 需求）,加入该校区专属社群，定期领取大额优惠券,基本不关注，只喝常规款咖啡,乳糖不耐受，强烈呼吁校内机子加燕麦奶选项。
34,本科生,3-5 次,图书馆/自习室长时间陪伴、课间/办公提神、线下社交/组会讨论,外卖配送（送至校门口或宿舍楼）,校园周边沿街店铺（如枣阳路等步行可达区域）,300-500 元,4,5,2,3,1,仅在有实用赠品（杯垫、贴纸、提袋）时考虑,10 元以下（极致性价比）,极大刺激了消费，会因为领到大额券而特意下单,支付更高费用选择能送达校内楼栋的特殊配送,充足的电源插座,晚上 22:00 后继续营业（满足熬夜科研 / 赶 due 需求）,针对本校师生持有效证件（学生证 / 教工证）长期打折,偶尔会尝试，但不是刚需,挺好的
35,校外人员,3-5 次,图书馆/自习室长时间陪伴,线下自取（点单后步行至店取走）,仅通过外卖平台跨区域点单（配送距离较远）,100 元以下,3,5,4,5,4,会增加好感，但最终仍取决于价格和口味,20-30 元（精品店 / 社交空间）,无影响，依然根据个人口味偏好下单,步行去校门口取餐点自提（为了特定品牌或更低价格）,桌面高度与椅子舒适度（适合长时间码字）,现有的常规营业时间（如 9:00-21:00）已足够,针对本校师生持有效证件（学生证 / 教工证）长期打折,必须有相关选项，且经常购买,
36,本科生,1-2 次,图书馆/自习室长时间陪伴、课间/办公提神,外卖配送（送至校门口或宿舍楼）,校内经营点（食堂、教学楼内咖啡柜台 / 自动机等）,100 元以下,5,5,3,5,2,仅在有实用赠品（杯垫、贴纸、提袋）时考虑,20-30 元（精品店 / 社交空间）,有一定影响，领券后会倾向于选择该平台的店铺,支付更高费用选择能送达校内楼栋的特殊配送,充足的电源插座,早晨 7:30 前开始营业（满足早八课提神需求）,持续的 “开业前三天买一送一”,完全不需要,无
37,研究生（硕士/博士）,3-5 次,图书馆/自习室长时间陪伴,线下自取（点单后步行至店取走）,校内经营点（食堂、教学楼内咖啡柜台 / 自动机等）,500 元以上,5,5,4,3,1,会增加好感，但最终仍取决于价格和口味,10 元以下（极致性价比）,极大刺激了消费，会因为领到大额券而特意下单,放弃本次购买,室内采光与通风情况,晚上 22:00 后继续营业（满足熬夜科研 / 赶 due 需求）,持续的 “开业前三天买一送一”,完全不需要,
38,本科生,1-2 次,线下社交/组会讨论、课间/办公提神、图书馆/自习室长时间陪伴,堂食（在店内停留使用空间）,校园周边沿街店铺（如枣阳路等步行可达区域）,100 元以下,5,5,4,4,2,仅在有实用赠品（杯垫、贴纸、提袋）时考虑,10 元以下（极致性价比）,极大刺激了消费，会因为领到大额券而特意下单,支付更高费用选择能送达校内楼栋的特殊配送,不在咖啡店学习或工作,周末及节假日保持全天候营业,持续的 “开业前三天买一送一”,基本不关注，只喝常规款咖啡,挺好的
39,本科生,1-2 次,图书馆/自习室长时间陪伴、搭配餐食（早餐或下午茶）,线下自取（点单后步行至店取走）,仅通过外卖平台跨区域点单（配送距离较远）,300-500 元,4,4,4,4,3,会增加好感，但最终仍取决于价格和口味,10 元以下（极致性价比）,有一定影响，领券后会倾向于选择该平台的店铺,放弃本次购买,室内安静程度（背景音乐音量适中）,现有的常规营业时间（如 9:00-21:00）已足够,针对本校师生持有效证件（学生证 / 教工证）长期打折,偶尔会尝试，但不是刚需,
40,校外人员,3-5 次,搭配餐食（早餐或下午茶）,堂食（在店内停留使用空间）,校园周边沿街店铺（如枣阳路等步行可达区域）,100-300 元,3,4,5,5,4,仅在有实用赠品（杯垫、贴纸、提袋）时考虑,10-20 元（主流连锁品牌）,极大刺激了消费，会因为领到大额券而特意下单,直接购买校内步行最近的咖啡品牌 / 自动机,充足的电源插座,现有的常规营业时间（如 9:00-21:00）已足够,加入该校区专属社群，定期领取大额优惠券,必须有相关选项，且经常购买,无
41,本科生,每天 1 次及以上,图书馆/自习室长时间陪伴、课间/办公提神,线下自取（点单后步行至店取走）,校内经营点（食堂、教学楼内咖啡柜台 / 自动机等）,100 元以下,4,4,4,3,1,会增加好感，但最终仍取决于价格和口味,10-20 元（主流连锁品牌）,极大刺激了消费，会因为领到大额券而特意下单,步行去校门口取餐点自提（为了特定品牌或更低价格）,充足的电源插座,现有的常规营业时间（如 9:00-21:00）已足够,针对本校师生持有效证件（学生证 / 教工证）长期打折,偶尔会尝试，但不是刚需,挺好的
42,本科生,1-2 次,搭配餐食（早餐或下午茶）、线下社交/组会讨论、课间/办公提神,线下自取（点单后步行至店取走）,附近商圈连锁品牌（如环球港、近铁等）,100-300 元,5,4,4,5,2,基本不关注联名信息，只看产品本身,10 元以下（极致性价比）,极大刺激了消费，会因为领到大额券而特意下单,直接购买校内步行最近的咖啡品牌 / 自动机,室内安静程度（背景音乐音量适中）,周末及节假日保持全天候营业,针对本校师生持有效证件（学生证 / 教工证）长期打折,偶尔会尝试，但不是刚需,无
43,校外人员,3-5 次,搭配餐食（早餐或下午茶）,外卖配送（送至校门口或宿舍楼）,校园周边沿街店铺（如枣阳路等步行可达区域）,300-500 元,2,5,5,5,3,仅在有实用赠品（杯垫、贴纸、提袋）时考虑,10-20 元（主流连锁品牌）,无影响，依然根据个人口味偏好下单,步行去校门口取餐点自提（为了特定品牌或更低价格）,室内安静程度（背景音乐音量适中）,早晨 7:30 前开始营业（满足早八课提神需求）,针对本校师生持有效证件（学生证 / 教工证）长期打折,偶尔会尝试，但不是刚需,乳糖不耐受，强烈呼吁校内机子加燕麦奶选项。
44,本科生,1-2 次,线下社交/组会讨论,外卖配送（送至校门口或宿舍楼）,校内经营点（食堂、教学楼内咖啡柜台 / 自动机等）,100-300 元,5,4,4,5,2,仅在有实用赠品（杯垫、贴纸、提袋）时考虑,10 元以下（极致性价比）,极大刺激了消费，会因为领到大额券而特意下单,步行去校门口取餐点自提（为了特定品牌或更低价格）,室内安静程度（背景音乐音量适中）,晚上 22:00 后继续营业（满足熬夜科研 / 赶 due 需求）,提供针对校内师生的 “外卖免配送费” 活动,偶尔会尝试，但不是刚需,千问的活动希望能多搞，学生党真的很需要优惠！
45,校外人员,每天 1 次及以上,课间/办公提神、搭配餐食（早餐或下午茶）,线下自取（点单后步行至店取走）,附近商圈连锁品牌（如环球港、近铁等）,300-500 元,4,5,5,5,5,只要有我喜欢的 IP，一定会去购买,20-30 元（精品店 / 社交空间）,极大刺激了消费，会因为领到大额券而特意下单,步行去校门口取餐点自提（为了特定品牌或更低价格）,充足的电源插座,晚上 22:00 后继续营业（满足熬夜科研 / 赶 due 需求）,针对本校师生持有效证件（学生证 / 教工证）长期打折,基本不关注，只喝常规款咖啡,无
46,校外人员,每天 1 次及以上,线下社交/组会讨论,堂食（在店内停留使用空间）,校园周边沿街店铺（如枣阳路等步行可达区域）,100-300 元,3,4,4,4,5,会增加好感，但最终仍取决于价格和口味,20-30 元（精品店 / 社交空间）,极大刺激了消费，会因为领到大额券而特意下单,步行去校门口取餐点自提（为了特定品牌或更低价格）,室内安静程度（背景音乐音量适中）,周末及节假日保持全天候营业,持续的 “开业前三天买一送一”,完全不需要,挺好的
47,本科生,每天 1 次及以上,搭配餐食（早餐或下午茶）,线下自取（点单后步行至店取走）,附近商圈连锁品牌（如环球港、近铁等）,100-300 元,4,5,4,5,3,只要有我喜欢的 IP，一定会去购买,10-20 元（主流连锁品牌）,有一定影响，领券后会倾向于选择该平台的店铺,直接购买校内步行最近的咖啡品牌 / 自动机,室内安静程度（背景音乐音量适中）,晚上 22:00 后继续营业（满足熬夜科研 / 赶 due 需求）,针对本校师生持有效证件（学生证 / 教工证）长期打折,必须有相关选项，且经常购买,
48,本科生,每天 1 次及以上,搭配餐食（早餐或下午茶）,线下自取（点单后步行至店取走）,校园周边沿街店铺（如枣阳路等步行可达区域）,300-500 元,4,5,3,4,2,基本不关注联名信息，只看产品本身,10 元以下（极致性价比）,有一定影响，领券后会倾向于选择该平台的店铺,支付更高费用选择能送达校内楼栋的特殊配送,桌面高度与椅子舒适度（适合长时间码字）,晚上 22:00 后继续营业（满足熬夜科研 / 赶 due 需求）,提供针对校内师生的 “外卖免配送费” 活动,偶尔会尝试，但不是刚需,
49,校外人员,3-5 次,搭配餐食（早餐或下午茶）、线下社交/组会讨论,堂食（在店内停留使用空间）,附近商圈连锁品牌（如环球港、近铁等）,300-500 元,3,3,5,4,5,会增加好感，但最终仍取决于价格和口味,20-30 元（精品店 / 社交空间）,有一定影响，领券后会倾向于选择该平台的店铺,支付更高费用选择能送达校内楼栋的特殊配送,不在咖啡店学习或工作,晚上 22:00 后继续营业（满足熬夜科研 / 赶 due 需求）,针对本校师生持有效证件（学生证 / 教工证）长期打折,基本不关注，只喝常规款咖啡,千问的活动希望能多搞，学生党真的很需要优惠！
50,研究生（硕士/博士）,1-2 次,搭配餐食（早餐或下午茶）、线下社交/组会讨论,线下自取（点单后步行至店取走）,校内经营点（食堂、教学楼内咖啡柜台 / 自动机等）,100-300 元,5,5,2,4,1,仅在有实用赠品（杯垫、贴纸、提袋）时考虑,10-20 元（主流连锁品牌）,有一定影响，领券后会倾向于选择该平台的店铺,步行去校门口取餐点自提（为了特定品牌或更低价格）,充足的电源插座,现有的常规营业时间（如 9:00-21:00）已足够,提供针对校内师生的 “外卖免配送费” 活动,完全不需要,无
51,研究生（硕士/博士）,1-2 次,图书馆/自习室长时间陪伴,外卖配送（送至校门口或宿舍楼）,附近商圈连锁品牌（如环球港、近铁等）,100 元以下,4,5,4,3,1,会增加好感，但最终仍取决于价格和口味,20-30 元（精品店 / 社交空间）,有一定影响，领券后会倾向于选择该平台的店铺,放弃本次购买,充足的电源插座,现有的常规营业时间（如 9:00-21:00）已足够,提供针对校内师生的 “外卖免配送费” 活动,必须有相关选项，且经常购买,枣阳路外卖送不进来太难受了，希望能多点校内经营点。
52,研究生（硕士/博士）,3-5 次,线下社交/组会讨论,线下自取（点单后步行至店取走）,校内经营点（食堂、教学楼内咖啡柜台 / 自动机等）,300-500 元,4,5,2,4,3,会增加好感，但最终仍取决于价格和口味,10-20 元（主流连锁品牌）,有一定影响，领券后会倾向于选择该平台的店铺,支付更高费用选择能送达校内楼栋的特殊配送,不在咖啡店学习或工作,早晨 7:30 前开始营业（满足早八课提神需求）,加入该校区专属社群，定期领取大额优惠券,偶尔会尝试，但不是刚需,无
53,本科生,3-5 次,线下社交/组会讨论,堂食（在店内停留使用空间）,校园周边沿街店铺（如枣阳路等步行可达区域）,100 元以下,4,5,3,3,3,基本不关注联名信息，只看产品本身,10 元以下（极致性价比）,极大刺激了消费，会因为领到大额券而特意下单,放弃本次购买,充足的电源插座,早晨 7:30 前开始营业（满足早八课提神需求）,加入该校区专属社群，定期领取大额优惠券,偶尔会尝试，但不是刚需,无
54,研究生（硕士/博士）,1-2 次,线下社交/组会讨论,外卖配送（送至校门口或宿舍楼）,附近商圈连锁品牌（如环球港、近铁等）,100 元以下,5,4,2,5,1,只要有我喜欢的 IP，一定会去购买,10-20 元（主流连锁品牌）,有一定影响，领券后会倾向于选择该平台的店铺,步行去校门口取餐点自提（为了特定品牌或更低价格）,不在咖啡店学习或工作,晚上 22:00 后继续营业（满足熬夜科研 / 赶 due 需求）,持续的 “开业前三天买一送一”,基本不关注，只喝常规款咖啡,
55,研究生（硕士/博士）,3-5 次,课间/办公提神、线下社交/组会讨论,外卖配送（送至校门口或宿舍楼）,校园周边沿街店铺（如枣阳路等步行可达区域）,300-500 元,5,5,3,3,3,基本不关注联名信息，只看产品本身,10 元以下（极致性价比）,有一定影响，领券后会倾向于选择该平台的店铺,直接购买校内步行最近的咖啡品牌 / 自动机,桌面高度与椅子舒适度（适合长时间码字）,晚上 22:00 后继续营业（满足熬夜科研 / 赶 due 需求）,针对本校师生持有效证件（学生证 / 教工证）长期打折,偶尔会尝试，但不是刚需,无
56,本科生,1-2 次,图书馆/自习室长时间陪伴、课间/办公提神,堂食（在店内停留使用空间）,附近商圈连锁品牌（如环球港、近铁等）,100-300 元,4,4,4,5,2,只要有我喜欢的 IP，一定会去购买,10-20 元（主流连锁品牌）,有一定影响，领券后会倾向于选择该平台的店铺,步行去校门口取餐点自提（为了特定品牌或更低价格）,充足的电源插座,现有的常规营业时间（如 9:00-21:00）已足够,持续的 “开业前三天买一送一”,基本不关注，只喝常规款咖啡,无
57,本科生,每天 1 次及以上,课间/办公提神,外卖配送（送至校门口或宿舍楼）,附近商圈连锁品牌（如环球港、近铁等）,100 元以下,4,5,2,4,3,会增加好感，但最终仍取决于价格和口味,10-20 元（主流连锁品牌）,有一定影响，领券后会倾向于选择该平台的店铺,步行去校门口取餐点自提（为了特定品牌或更低价格）,充足的电源插座,早晨 7:30 前开始营业（满足早八课提神需求）,持续的 “开业前三天买一送一”,完全不需要,无
58,本科生,3-5 次,图书馆/自习室长时间陪伴,线下自取（点单后步行至店取走）,校内经营点（食堂、教学楼内咖啡柜台 / 自动机等）,300-500 元,4,5,3,4,1,基本不关注联名信息，只看产品本身,10-20 元（主流连锁品牌）,极大刺激了消费，会因为领到大额券而特意下单,直接购买校内步行最近的咖啡品牌 / 自动机,不在咖啡店学习或工作,周末及节假日保持全天候营业,加入该校区专属社群，定期领取大额优惠券,必须有相关选项，且经常购买,挺好的
59,教职工,1-2 次,图书馆/自习室长时间陪伴,外卖配送（送至校门口或宿舍楼）,附近商圈连锁品牌（如环球港、近铁等）,100-300 元,3,4,5,5,3,仅在有实用赠品（杯垫、贴纸、提袋）时考虑,20-30 元（精品店 / 社交空间）,极大刺激了消费，会因为领到大额券而特意下单,直接购买校内步行最近的咖啡品牌 / 自动机,充足的电源插座,晚上 22:00 后继续营业（满足熬夜科研 / 赶 due 需求）,针对本校师生持有效证件（学生证 / 教工证）长期打折,偶尔会尝试，但不是刚需,挺好的
60,教职工,1-2 次,搭配餐食（早餐或下午茶）,线下自取（点单后步行至店取走）,仅通过外卖平台跨区域点单（配送距离较远）,300-500 元,4,4,4,4,4,会增加好感，但最终仍取决于价格和口味,20-30 元（精品店 / 社交空间）,极大刺激了消费，会因为领到大额券而特意下单,放弃本次购买,室内安静程度（背景音乐音量适中）,现有的常规营业时间（如 9:00-21:00）已足够,提供针对校内师生的 “外卖免配送费” 活动,必须有相关选项，且经常购买,挺好的
61,研究生（硕士/博士）,3-5 次,课间/办公提神,堂食（在店内停留使用空间）,校园周边沿街店铺（如枣阳路等步行可达区域）,100 元以下,5,4,2,4,3,基本不关注联名信息，只看产品本身,20-30 元（精品店 / 社交空间）,极大刺激了消费，会因为领到大额券而特意下单,直接购买校内步行最近的咖啡品牌 / 自动机,室内安静程度（背景音乐音量适中）,早晨 7:30 前开始营业（满足早八课提神需求）,针对本校师生持有效证件（学生证 / 教工证）长期打折,偶尔会尝试，但不是刚需,挺好的
62,本科生,1-2 次,图书馆/自习室长时间陪伴、线下社交/组会讨论,线下自取（点单后步行至店取走）,校园周边沿街店铺（如枣阳路等步行可达区域）,100 元以下,4,5,4,4,3,仅在有实用赠品（杯垫、贴纸、提袋）时考虑,10 元以下（极致性价比）,有一定影响，领券后会倾向于选择该平台的店铺,步行去校门口取餐点自提（为了特定品牌或更低价格）,室内安静程度（背景音乐音量适中）,早晨 7:30 前开始营业（满足早八课提神需求）,针对本校师生持有效证件（学生证 / 教工证）长期打折,必须有相关选项，且经常购买,挺好的
63,本科生,每天 1 次及以上,搭配餐食（早餐或下午茶）,线下自取（点单后步行至店取走）,校园周边沿街店铺（如枣阳路等步行可达区域）,300-500 元,4,4,2,4,3,会增加好感，但最终仍取决于价格和口味,20-30 元（精品店 / 社交空间）,极大刺激了消费，会因为领到大额券而特意下单,放弃本次购买,室内安静程度（背景音乐音量适中）,早晨 7:30 前开始营业（满足早八课提神需求）,提供针对校内师生的 “外卖免配送费” 活动,基本不关注，只喝常规款咖啡,挺好的
64,校外人员,3-5 次,搭配餐食（早餐或下午茶）、图书馆/自习室长时间陪伴,线下自取（点单后步行至店取走）,附近商圈连锁品牌（如环球港、近铁等）,300-500 元,3,4,5,5,4,基本不关注联名信息，只看产品本身,10-20 元（主流连锁品牌）,有一定影响，领券后会倾向于选择该平台的店铺,步行去校门口取餐点自提（为了特定品牌或更低价格）,充足的电源插座,现有的常规营业时间（如 9:00-21:00）已足够,加入该校区专属社群，定期领取大额优惠券,基本不关注，只喝常规款咖啡,
65,本科生,1-2 次,搭配餐食（早餐或下午茶）,线下自取（点单后步行至店取走）,校内经营点（食堂、教学楼内咖啡柜台 / 自动机等）,100-300 元,5,4,3,4,2,会增加好感，但最终仍取决于价格和口味,10-20 元（主流连锁品牌）,极大刺激了消费，会因为领到大额券而特意下单,放弃本次购买,不在咖啡店学习或工作,早晨 7:30 前开始营业（满足早八课提神需求）,针对本校师生持有效证件（学生证 / 教工证）长期打折,偶尔会尝试，但不是刚需,环球港的店人太多没法自习，希望能多一些安静的独立咖啡馆。
66,本科生,1-2 次,线下社交/组会讨论,外卖配送（送至校门口或宿舍楼）,校内经营点（食堂、教学楼内咖啡柜台 / 自动机等）,100 元以下,4,4,3,4,3,仅在有实用赠品（杯垫、贴纸、提袋）时考虑,20-30 元（精品店 / 社交空间）,影响很小，只在本来就想喝的时候顺便寻找优惠,直接购买校内步行最近的咖啡品牌 / 自动机,桌面高度与椅子舒适度（适合长时间码字）,现有的常规营业时间（如 9:00-21:00）已足够,针对本校师生持有效证件（学生证 / 教工证）长期打折,完全不需要,环球港的店人太多没法自习，希望能多一些安静的独立咖啡馆。
67,校外人员,1-2 次,图书馆/自习室长时间陪伴,堂食（在店内停留使用空间）,附近商圈连锁品牌（如环球港、近铁等）,300-500 元,4,5,4,5,3,基本不关注联名信息，只看产品本身,20-30 元（精品店 / 社交空间）,有一定影响，领券后会倾向于选择该平台的店铺,步行去校门口取餐点自提（为了特定品牌或更低价格）,室内安静程度（背景音乐音量适中）,晚上 22:00 后继续营业（满足熬夜科研 / 赶 due 需求）,针对本校师生持有效证件（学生证 / 教工证）长期打折,偶尔会尝试，但不是刚需,挺好的
68,校外人员,3-5 次,线下社交/组会讨论、搭配餐食（早餐或下午茶）,堂食（在店内停留使用空间）,附近商圈连锁品牌（如环球港、近铁等）,100-300 元,4,5,5,4,5,基本不关注联名信息，只看产品本身,20-30 元（精品店 / 社交空间）,极大刺激了消费，会因为领到大额券而特意下单,步行去校门口取餐点自提（为了特定品牌或更低价格）,充足的电源插座,现有的常规营业时间（如 9:00-21:00）已足够,针对本校师生持有效证件（学生证 / 教工证）长期打折,偶尔会尝试，但不是刚需,希望早八能早点开门，有时候赶早课买不到。
69,校外人员,每天 1 次及以上,线下社交/组会讨论、搭配餐食（早餐或下午茶）,堂食（在店内停留使用空间）,附近商圈连锁品牌（如环球港、近铁等）,100-300 元,4,5,5,4,3,只要有我喜欢的 IP，一定会去购买,10 元以下（极致性价比）,极大刺激了消费，会因为领到大额券而特意下单,放弃本次购买,不在咖啡店学习或工作,现有的常规营业时间（如 9:00-21:00）已足够,针对本校师生持有效证件（学生证 / 教工证）长期打折,偶尔会尝试，但不是刚需,挺好的
70,教职工,3-5 次,线下社交/组会讨论、图书馆/自习室长时间陪伴,外卖配送（送至校门口或宿舍楼）,附近商圈连锁品牌（如环球港、近铁等）,300-500 元,2,5,5,5,4,仅在有实用赠品（杯垫、贴纸、提袋）时考虑,10-20 元（主流连锁品牌）,有一定影响，领券后会倾向于选择该平台的店铺,支付更高费用选择能送达校内楼栋的特殊配送,桌面高度与椅子舒适度（适合长时间码字）,现有的常规营业时间（如 9:00-21:00）已足够,持续的 “开业前三天买一送一”,基本不关注，只喝常规款咖啡,环球港的店人太多没法自习，希望能多一些安静的独立咖啡馆。
71,教职工,1-2 次,图书馆/自习室长时间陪伴、课间/办公提神,外卖配送（送至校门口或宿舍楼）,校内经营点（食堂、教学楼内咖啡柜台 / 自动机等）,100-300 元,3,3,5,4,5,会增加好感，但最终仍取决于价格和口味,10-20 元（主流连锁品牌）,极大刺激了消费，会因为领到大额券而特意下单,直接购买校内步行最近的咖啡品牌 / 自动机,室内安静程度（背景音乐音量适中）,早晨 7:30 前开始营业（满足早八课提神需求）,针对本校师生持有效证件（学生证 / 教工证）长期打折,偶尔会尝试，但不是刚需,挺好的
72,本科生,1-2 次,搭配餐食（早餐或下午茶）、课间/办公提神、图书馆/自习室长时间陪伴,线下自取（点单后步行至店取走）,仅通过外卖平台跨区域点单（配送距离较远）,100-300 元,5,5,4,4,2,基本不关注联名信息，只看产品本身,10-20 元（主流连锁品牌）,有一定影响，领券后会倾向于选择该平台的店铺,步行去校门口取餐点自提（为了特定品牌或更低价格）,桌面高度与椅子舒适度（适合长时间码字）,早晨 7:30 前开始营业（满足早八课提神需求）,针对本校师生持有效证件（学生证 / 教工证）长期打折,基本不关注，只喝常规款咖啡,挺好的
73,研究生（硕士/博士）,1-2 次,搭配餐食（早餐或下午茶）,线下自取（点单后步行至店取走）,校园周边沿街店铺（如枣阳路等步行可达区域）,100 元以下,5,4,4,3,2,只要有我喜欢的 IP，一定会去购买,10-20 元（主流连锁品牌）,影响很小，只在本来就想喝的时候顺便寻找优惠,直接购买校内步行最近的咖啡品牌 / 自动机,充足的电源插座,晚上 22:00 后继续营业（满足熬夜科研 / 赶 due 需求）,持续的 “开业前三天买一送一”,偶尔会尝试，但不是刚需,挺好的
74,本科生,每天 1 次及以上,课间/办公提神、线下社交/组会讨论,线下自取（点单后步行至店取走）,校内经营点（食堂、教学楼内咖啡柜台 / 自动机等）,100-300 元,4,4,2,5,2,会增加好感，但最终仍取决于价格和口味,10-20 元（主流连锁品牌）,有一定影响，领券后会倾向于选择该平台的店铺,步行去校门口取餐点自提（为了特定品牌或更低价格）,室内安静程度（背景音乐音量适中）,晚上 22:00 后继续营业（满足熬夜科研 / 赶 due 需求）,提供针对校内师生的 “外卖免配送费” 活动,基本不关注，只喝常规款咖啡,枣阳路外卖送不进来太难受了，希望能多点校内经营点。
75,本科生,3-5 次,图书馆/自习室长时间陪伴,线下自取（点单后步行至店取走）,校园周边沿街店铺（如枣阳路等步行可达区域）,100-300 元,4,5,4,3,3,仅在有实用赠品（杯垫、贴纸、提袋）时考虑,10 元以下（极致性价比）,影响很小，只在本来就想喝的时候顺便寻找优惠,步行去校门口取餐点自提（为了特定品牌或更低价格）,不在咖啡店学习或工作,晚上 22:00 后继续营业（满足熬夜科研 / 赶 due 需求）,针对本校师生持有效证件（学生证 / 教工证）长期打折,偶尔会尝试，但不是刚需,无
76,本科生,1-2 次,搭配餐食（早餐或下午茶）、图书馆/自习室长时间陪伴,线下自取（点单后步行至店取走）,校内经营点（食堂、教学楼内咖啡柜台 / 自动机等）,100-300 元,5,4,4,5,1,基本不关注联名信息，只看产品本身,10-20 元（主流连锁品牌）,极大刺激了消费，会因为领到大额券而特意下单,步行去校门口取餐点自提（为了特定品牌或更低价格）,不在咖啡店学习或工作,周末及节假日保持全天候营业,针对本校师生持有效证件（学生证 / 教工证）长期打折,偶尔会尝试，但不是刚需,乳糖不耐受，强烈呼吁校内机子加燕麦奶选项。
77,本科生,3-5 次,图书馆/自习室长时间陪伴、线下社交/组会讨论,外卖配送（送至校门口或宿舍楼）,校园周边沿街店铺（如枣阳路等步行可达区域）,100-300 元,4,5,2,3,3,会增加好感，但最终仍取决于价格和口味,10-20 元（主流连锁品牌）,有一定影响，领券后会倾向于选择该平台的店铺,支付更高费用选择能送达校内楼栋的特殊配送,充足的电源插座,晚上 22:00 后继续营业（满足熬夜科研 / 赶 due 需求）,提供针对校内师生的 “外卖免配送费” 活动,偶尔会尝试，但不是刚需,挺好的
78,校外人员,1-2 次,线下社交/组会讨论、搭配餐食（早餐或下午茶）,堂食（在店内停留使用空间）,附近商圈连锁品牌（如环球港、近铁等）,300-500 元,3,5,4,5,3,仅在有实用赠品（杯垫、贴纸、提袋）时考虑,10-20 元（主流连锁品牌）,无影响，依然根据个人口味偏好下单,放弃本次购买,充足的电源插座,现有的常规营业时间（如 9:00-21:00）已足够,针对本校师生持有效证件（学生证 / 教工证）长期打折,基本不关注，只喝常规款咖啡,千问的活动希望能多搞，学生党真的很需要优惠！
79,本科生,1-2 次,搭配餐食（早餐或下午茶）、线下社交/组会讨论,外卖配送（送至校门口或宿舍楼）,校内经营点（食堂、教学楼内咖啡柜台 / 自动机等）,100 元以下,4,4,2,5,3,基本不关注联名信息，只看产品本身,10-20 元（主流连锁品牌）,有一定影响，领券后会倾向于选择该平台的店铺,直接购买校内步行最近的咖啡品牌 / 自动机,充足的电源插座,晚上 22:00 后继续营业（满足熬夜科研 / 赶 due 需求）,针对本校师生持有效证件（学生证 / 教工证）长期打折,必须有相关选项，且经常购买,无
80,校外人员,1-2 次,课间/办公提神、搭配餐食（早餐或下午茶）,堂食（在店内停留使用空间）,仅通过外卖平台跨区域点单（配送距离较远）,300-500 元,4,4,5,5,5,会增加好感，但最终仍取决于价格和口味,10-20 元（主流连锁品牌）,有一定影响，领券后会倾向于选择该平台的店铺,步行去校门口取餐点自提（为了特定品牌或更低价格）,不在咖啡店学习或工作,早晨 7:30 前开始营业（满足早八课提神需求）,针对本校师生持有效证件（学生证 / 教工证）长期打折,偶尔会尝试，但不是刚需,无
81,校外人员,3-5 次,搭配餐食（早餐或下午茶）、课间/办公提神,线下自取（点单后步行至店取走）,校园周边沿街店铺（如枣阳路等步行可达区域）,100-300 元,4,5,4,4,5,只要有我喜欢的 IP，一定会去购买,10-20 元（主流连锁品牌）,有一定影响，领券后会倾向于选择该平台的店铺,放弃本次购买,充足的电源插座,现有的常规营业时间（如 9:00-21:00）已足够,针对本校师生持有效证件（学生证 / 教工证）长期打折,偶尔会尝试，但不是刚需,无
82,研究生（硕士/博士）,每天 1 次及以上,图书馆/自习室长时间陪伴、搭配餐食（早餐或下午茶）,外卖配送（送至校门口或宿舍楼）,校园周边沿街店铺（如枣阳路等步行可达区域）,100-300 元,4,5,2,4,2,会增加好感，但最终仍取决于价格和口味,20-30 元（精品店 / 社交空间）,极大刺激了消费，会因为领到大额券而特意下单,直接购买校内步行最近的咖啡品牌 / 自动机,室内采光与通风情况,现有的常规营业时间（如 9:00-21:00）已足够,针对本校师生持有效证件（学生证 / 教工证）长期打折,基本不关注，只喝常规款咖啡,希望早八能早点开门，有时候赶早课买不到。
83,本科生,3-5 次,搭配餐食（早餐或下午茶）,线下自取（点单后步行至店取走）,校园周边沿街店铺（如枣阳路等步行可达区域）,100 元以下,4,5,4,4,3,仅在有实用赠品（杯垫、贴纸、提袋）时考虑,10-20 元（主流连锁品牌）,有一定影响，领券后会倾向于选择该平台的店铺,直接购买校内步行最近的咖啡品牌 / 自动机,室内安静程度（背景音乐音量适中）,早晨 7:30 前开始营业（满足早八课提神需求）,加入该校区专属社群，定期领取大额优惠券,偶尔会尝试，但不是刚需,希望早八能早点开门，有时候赶早课买不到。
84,本科生,每天 1 次及以上,课间/办公提神、线下社交/组会讨论,线下自取（点单后步行至店取走）,校园周边沿街店铺（如枣阳路等步行可达区域）,500 元以上,4,5,4,3,3,仅在有实用赠品（杯垫、贴纸、提袋）时考虑,10-20 元（主流连锁品牌）,极大刺激了消费，会因为领到大额券而特意下单,直接购买校内步行最近的咖啡品牌 / 自动机,桌面高度与椅子舒适度（适合长时间码字）,现有的常规营业时间（如 9:00-21:00）已足够,针对本校师生持有效证件（学生证 / 教工证）长期打折,偶尔会尝试，但不是刚需,
85,本科生,3-5 次,图书馆/自习室长时间陪伴,线下自取（点单后步行至店取走）,附近商圈连锁品牌（如环球港、近铁等）,100 元以下,5,4,4,3,1,基本不关注联名信息，只看产品本身,10-20 元（主流连锁品牌）,影响很小，只在本来就想喝的时候顺便寻找优惠,直接购买校内步行最近的咖啡品牌 / 自动机,充足的电源插座,周末及节假日保持全天候营业,持续的 “开业前三天买一送一”,必须有相关选项，且经常购买,
86,研究生（硕士/博士）,3-5 次,图书馆/自习室长时间陪伴、搭配餐食（早餐或下午茶）,外卖配送（送至校门口或宿舍楼）,校内经营点（食堂、教学楼内咖啡柜台 / 自动机等）,100-300 元,5,5,4,3,2,仅在有实用赠品（杯垫、贴纸、提袋）时考虑,10-20 元（主流连锁品牌）,极大刺激了消费，会因为领到大额券而特意下单,直接购买校内步行最近的咖啡品牌 / 自动机,充足的电源插座,现有的常规营业时间（如 9:00-21:00）已足够,提供针对校内师生的 “外卖免配送费” 活动,基本不关注，只喝常规款咖啡,
87,本科生,3-5 次,搭配餐食（早餐或下午茶）、线下社交/组会讨论,堂食（在店内停留使用空间）,附近商圈连锁品牌（如环球港、近铁等）,300-500 元,4,4,3,4,2,会增加好感，但最终仍取决于价格和口味,10 元以下（极致性价比）,无影响，依然根据个人口味偏好下单,步行去校门口取餐点自提（为了特定品牌或更低价格）,不在咖啡店学习或工作,现有的常规营业时间（如 9:00-21:00）已足够,加入该校区专属社群，定期领取大额优惠券,基本不关注，只喝常规款咖啡,无
88,本科生,1-2 次,线下社交/组会讨论、课间/办公提神、图书馆/自习室长时间陪伴,外卖配送（送至校门口或宿舍楼）,校园周边沿街店铺（如枣阳路等步行可达区域）,100-300 元,5,4,3,3,1,会增加好感，但最终仍取决于价格和口味,10 元以下（极致性价比）,影响很小，只在本来就想喝的时候顺便寻找优惠,步行去校门口取餐点自提（为了特定品牌或更低价格）,室内安静程度（背景音乐音量适中）,早晨 7:30 前开始营业（满足早八课提神需求）,提供针对校内师生的 “外卖免配送费” 活动,基本不关注，只喝常规款咖啡,无
89,研究生（硕士/博士）,1-2 次,搭配餐食（早餐或下午茶）,堂食（在店内停留使用空间）,附近商圈连锁品牌（如环球港、近铁等）,100-300 元,5,5,4,5,2,基本不关注联名信息，只看产品本身,20-30 元（精品店 / 社交空间）,有一定影响，领券后会倾向于选择该平台的店铺,直接购买校内步行最近的咖啡品牌 / 自动机,室内安静程度（背景音乐音量适中）,周末及节假日保持全天候营业,针对本校师生持有效证件（学生证 / 教工证）长期打折,偶尔会尝试，但不是刚需,无
90,研究生（硕士/博士）,每天 1 次及以上,图书馆/自习室长时间陪伴,外卖配送（送至校门口或宿舍楼）,校内经营点（食堂、教学楼内咖啡柜台 / 自动机等）,100 元以下,5,4,2,4,3,会增加好感，但最终仍取决于价格和口味,20-30 元（精品店 / 社交空间）,有一定影响，领券后会倾向于选择该平台的店铺,放弃本次购买,充足的电源插座,早晨 7:30 前开始营业（满足早八课提神需求）,加入该校区专属社群，定期领取大额优惠券,偶尔会尝试，但不是刚需,挺好的
91,教职工,1-2 次,课间/办公提神,线下自取（点单后步行至店取走）,附近商圈连锁品牌（如环球港、近铁等）,500 元以上,2,5,5,4,3,仅在有实用赠品（杯垫、贴纸、提袋）时考虑,10-20 元（主流连锁品牌）,极大刺激了消费，会因为领到大额券而特意下单,直接购买校内步行最近的咖啡品牌 / 自动机,充足的电源插座,早晨 7:30 前开始营业（满足早八课提神需求）,加入该校区专属社群，定期领取大额优惠券,基本不关注，只喝常规款咖啡,挺好的
92,本科生,3-5 次,课间/办公提神,外卖配送（送至校门口或宿舍楼）,仅通过外卖平台跨区域点单（配送距离较远）,100-300 元,5,5,2,5,1,会增加好感，但最终仍取决于价格和口味,10-20 元（主流连锁品牌）,有一定影响，领券后会倾向于选择该平台的店铺,步行去校门口取餐点自提（为了特定品牌或更低价格）,桌面高度与椅子舒适度（适合长时间码字）,晚上 22:00 后继续营业（满足熬夜科研 / 赶 due 需求）,加入该校区专属社群，定期领取大额优惠券,基本不关注，只喝常规款咖啡,
93,本科生,3-5 次,课间/办公提神,线下自取（点单后步行至店取走）,校内经营点（食堂、教学楼内咖啡柜台 / 自动机等）,300-500 元,4,5,3,4,2,会增加好感，但最终仍取决于价格和口味,10-20 元（主流连锁品牌）,影响很小，只在本来就想喝的时候顺便寻找优惠,放弃本次购买,充足的电源插座,现有的常规营业时间（如 9:00-21:00）已足够,针对本校师生持有效证件（学生证 / 教工证）长期打折,必须有相关选项，且经常购买,
94,本科生,3-5 次,课间/办公提神、图书馆/自习室长时间陪伴,线下自取（点单后步行至店取走）,校园周边沿街店铺（如枣阳路等步行可达区域）,100 元以下,4,5,3,4,2,仅在有实用赠品（杯垫、贴纸、提袋）时考虑,10 元以下（极致性价比）,有一定影响，领券后会倾向于选择该平台的店铺,直接购买校内步行最近的咖啡品牌 / 自动机,充足的电源插座,晚上 22:00 后继续营业（满足熬夜科研 / 赶 due 需求）,加入该校区专属社群，定期领取大额优惠券,必须有相关选项，且经常购买,希望早八能早点开门，有时候赶早课买不到。
95,本科生,3-5 次,搭配餐食（早餐或下午茶）,线下自取（点单后步行至店取走）,校内经营点（食堂、教学楼内咖啡柜台 / 自动机等）,100-300 元,5,5,3,3,2,会增加好感，但最终仍取决于价格和口味,10 元以下（极致性价比）,无影响，依然根据个人口味偏好下单,直接购买校内步行最近的咖啡品牌 / 自动机,桌面高度与椅子舒适度（适合长时间码字）,早晨 7:30 前开始营业（满足早八课提神需求）,针对本校师生持有效证件（学生证 / 教工证）长期打折,偶尔会尝试，但不是刚需,无
96,研究生（硕士/博士）,3-5 次,线下社交/组会讨论、课间/办公提神,外卖配送（送至校门口或宿舍楼）,校内经营点（食堂、教学楼内咖啡柜台 / 自动机等）,100-300 元,4,5,4,3,3,会增加好感，但最终仍取决于价格和口味,10-20 元（主流连锁品牌）,无影响，依然根据个人口味偏好下单,直接购买校内步行最近的咖啡品牌 / 自动机,桌面高度与椅子舒适度（适合长时间码字）,早晨 7:30 前开始营业（满足早八课提神需求）,针对本校师生持有效证件（学生证 / 教工证）长期打折,偶尔会尝试，但不是刚需,无
97,本科生,1-2 次,图书馆/自习室长时间陪伴、线下社交/组会讨论,外卖配送（送至校门口或宿舍楼）,校园周边沿街店铺（如枣阳路等步行可达区域）,100 元以下,4,4,2,4,2,基本不关注联名信息，只看产品本身,10-20 元（主流连锁品牌）,有一定影响，领券后会倾向于选择该平台的店铺,直接购买校内步行最近的咖啡品牌 / 自动机,充足的电源插座,早晨 7:30 前开始营业（满足早八课提神需求）,持续的 “开业前三天买一送一”,偶尔会尝试，但不是刚需,
98,研究生（硕士/博士）,1-2 次,搭配餐食（早餐或下午茶）、线下社交/组会讨论,线下自取（点单后步行至店取走）,校内经营点（食堂、教学楼内咖啡柜台 / 自动机等）,100-300 元,5,4,4,5,3,会增加好感，但最终仍取决于价格和口味,10 元以下（极致性价比）,有一定影响，领券后会倾向于选择该平台的店铺,直接购买校内步行最近的咖啡品牌 / 自动机,桌面高度与椅子舒适度（适合长时间码字）,晚上 22:00 后继续营业（满足熬夜科研 / 赶 due 需求）,提供针对校内师生的 “外卖免配送费” 活动,基本不关注，只喝常规款咖啡,无
99,研究生（硕士/博士）,1-2 次,图书馆/自习室长时间陪伴、课间/办公提神,堂食（在店内停留使用空间）,校园周边沿街店铺（如枣阳路等步行可达区域）,100-300 元,4,4,2,3,1,基本不关注联名信息，只看产品本身,20-30 元（精品店 / 社交空间）,极大刺激了消费，会因为领到大额券而特意下单,直接购买校内步行最近的咖啡品牌 / 自动机,充足的电源插座,早晨 7:30 前开始营业（满足早八课提神需求）,持续的 “开业前三天买一送一”,基本不关注，只喝常规款咖啡,挺好的
100,校外人员,3-5 次,线下社交/组会讨论,堂食（在店内停留使用空间）,仅通过外卖平台跨区域点单（配送距离较远）,100-300 元,2,5,4,5,3,仅在有实用赠品（杯垫、贴纸、提袋）时考虑,10-20 元（主流连锁品牌）,有一定影响，领券后会倾向于选择该平台的店铺,步行去校门口取餐点自提（为了特定品牌或更低价格）,室内安静程度（背景音乐音量适中）,晚上 22:00 后继续营业（满足熬夜科研 / 赶 due 需求）,针对本校师生持有效证件（学生证 / 教工证）长期打折,偶尔会尝试，但不是刚需,
101,研究生（硕士/博士）,3-5 次,课间/办公提神、搭配餐食（早餐或下午茶）,线下自取（点单后步行至店取走）,校园周边沿街店铺（如枣阳路等步行可达区域）,100 元以下,5,4,4,3,1,仅在有实用赠品（杯垫、贴纸、提袋）时考虑,10-20 元（主流连锁品牌）,有一定影响，领券后会倾向于选择该平台的店铺,放弃本次购买,充足的电源插座,现有的常规营业时间（如 9:00-21:00）已足够,针对本校师生持有效证件（学生证 / 教工证）长期打折,必须有相关选项，且经常购买,希望早八能早点开门，有时候赶早课买不到。
102,本科生,3-5 次,图书馆/自习室长时间陪伴、课间/办公提神,外卖配送（送至校门口或宿舍楼）,附近商圈连锁品牌（如环球港、近铁等）,100-300 元,4,4,4,3,1,仅在有实用赠品（杯垫、贴纸、提袋）时考虑,10-20 元（主流连锁品牌）,极大刺激了消费，会因为领到大额券而特意下单,直接购买校内步行最近的咖啡品牌 / 自动机,充足的电源插座,早晨 7:30 前开始营业（满足早八课提神需求）,加入该校区专属社群，定期领取大额优惠券,偶尔会尝试，但不是刚需,挺好的
103,研究生（硕士/博士）,1-2 次,图书馆/自习室长时间陪伴,外卖配送（送至校门口或宿舍楼）,校园周边沿街店铺（如枣阳路等步行可达区域）,100 元以下,4,5,3,5,3,仅在有实用赠品（杯垫、贴纸、提袋）时考虑,10 元以下（极致性价比）,有一定影响，领券后会倾向于选择该平台的店铺,直接购买校内步行最近的咖啡品牌 / 自动机,充足的电源插座,晚上 22:00 后继续营业（满足熬夜科研 / 赶 due 需求）,针对本校师生持有效证件（学生证 / 教工证）长期打折,偶尔会尝试，但不是刚需,希望早八能早点开门，有时候赶早课买不到。
104,研究生（硕士/博士）,1-2 次,搭配餐食（早餐或下午茶）、课间/办公提神,外卖配送（送至校门口或宿舍楼）,校内经营点（食堂、教学楼内咖啡柜台 / 自动机等）,100 元以下,4,5,2,3,1,基本不关注联名信息，只看产品本身,10-20 元（主流连锁品牌）,有一定影响，领券后会倾向于选择该平台的店铺,步行去校门口取餐点自提（为了特定品牌或更低价格）,桌面高度与椅子舒适度（适合长时间码字）,早晨 7:30 前开始营业（满足早八课提神需求）,加入该校区专属社群，定期领取大额优惠券,完全不需要,挺好的
105,校外人员,每天 1 次及以上,搭配餐食（早餐或下午茶）、课间/办公提神,堂食（在店内停留使用空间）,附近商圈连锁品牌（如环球港、近铁等）,300-500 元,4,3,5,5,3,只要有我喜欢的 IP，一定会去购买,10-20 元（主流连锁品牌）,无影响，依然根据个人口味偏好下单,步行去校门口取餐点自提（为了特定品牌或更低价格）,室内安静程度（背景音乐音量适中）,周末及节假日保持全天候营业,针对本校师生持有效证件（学生证 / 教工证）长期打折,偶尔会尝试，但不是刚需,挺好的
106,本科生,3-5 次,线下社交/组会讨论,线下自取（点单后步行至店取走）,校内经营点（食堂、教学楼内咖啡柜台 / 自动机等）,300-500 元,4,5,4,5,3,会增加好感，但最终仍取决于价格和口味,10 元以下（极致性价比）,极大刺激了消费，会因为领到大额券而特意下单,直接购买校内步行最近的咖啡品牌 / 自动机,充足的电源插座,现有的常规营业时间（如 9:00-21:00）已足够,加入该校区专属社群，定期领取大额优惠券,基本不关注，只喝常规款咖啡,无
107,校外人员,1-2 次,搭配餐食（早餐或下午茶）,堂食（在店内停留使用空间）,校园周边沿街店铺（如枣阳路等步行可达区域）,100 元以下,2,5,5,5,3,仅在有实用赠品（杯垫、贴纸、提袋）时考虑,20-30 元（精品店 / 社交空间）,有一定影响，领券后会倾向于选择该平台的店铺,放弃本次购买,室内安静程度（背景音乐音量适中）,周末及节假日保持全天候营业,针对本校师生持有效证件（学生证 / 教工证）长期打折,偶尔会尝试，但不是刚需,无
108,研究生（硕士/博士）,1-2 次,线下社交/组会讨论、图书馆/自习室长时间陪伴,线下自取（点单后步行至店取走）,校园周边沿街店铺（如枣阳路等步行可达区域）,100-300 元,5,5,2,3,1,会增加好感，但最终仍取决于价格和口味,10-20 元（主流连锁品牌）,有一定影响，领券后会倾向于选择该平台的店铺,步行去校门口取餐点自提（为了特定品牌或更低价格）,充足的电源插座,现有的常规营业时间（如 9:00-21:00）已足够,提供针对校内师生的 “外卖免配送费” 活动,偶尔会尝试，但不是刚需,环球港的店人太多没法自习，希望能多一些安静的独立咖啡馆。
109,本科生,1-2 次,线下社交/组会讨论、课间/办公提神,外卖配送（送至校门口或宿舍楼）,校园周边沿街店铺（如枣阳路等步行可达区域）,100 元以下,4,4,4,5,1,会增加好感，但最终仍取决于价格和口味,20-30 元（精品店 / 社交空间）,有一定影响，领券后会倾向于选择该平台的店铺,步行去校门口取餐点自提（为了特定品牌或更低价格）,室内采光与通风情况,周末及节假日保持全天候营业,针对本校师生持有效证件（学生证 / 教工证）长期打折,基本不关注，只喝常规款咖啡,挺好的
110,本科生,每天 1 次及以上,搭配餐食（早餐或下午茶）、线下社交/组会讨论、图书馆/自习室长时间陪伴,线下自取（点单后步行至店取走）,附近商圈连锁品牌（如环球港、近铁等）,100-300 元,5,5,2,5,1,基本不关注联名信息，只看产品本身,10-20 元（主流连锁品牌）,有一定影响，领券后会倾向于选择该平台的店铺,直接购买校内步行最近的咖啡品牌 / 自动机,充足的电源插座,早晨 7:30 前开始营业（满足早八课提神需求）,持续的 “开业前三天买一送一”,偶尔会尝试，但不是刚需,希望早八能早点开门，有时候赶早课买不到。
111,校外人员,1-2 次,线下社交/组会讨论,线下自取（点单后步行至店取走）,校园周边沿街店铺（如枣阳路等步行可达区域）,300-500 元,2,5,4,5,5,只要有我喜欢的 IP，一定会去购买,20-30 元（精品店 / 社交空间）,影响很小，只在本来就想喝的时候顺便寻找优惠,步行去校门口取餐点自提（为了特定品牌或更低价格）,充足的电源插座,现有的常规营业时间（如 9:00-21:00）已足够,针对本校师生持有效证件（学生证 / 教工证）长期打折,基本不关注，只喝常规款咖啡,枣阳路外卖送不进来太难受了，希望能多点校内经营点。
112,研究生（硕士/博士）,1-2 次,图书馆/自习室长时间陪伴、线下社交/组会讨论,线下自取（点单后步行至店取走）,校园周边沿街店铺（如枣阳路等步行可达区域）,100-300 元,4,5,4,4,2,会增加好感，但最终仍取决于价格和口味,20-30 元（精品店 / 社交空间）,极大刺激了消费，会因为领到大额券而特意下单,步行去校门口取餐点自提（为了特定品牌或更低价格）,室内采光与通风情况,现有的常规营业时间（如 9:00-21:00）已足够,加入该校区专属社群，定期领取大额优惠券,基本不关注，只喝常规款咖啡,挺好的
113,本科生,3-5 次,搭配餐食（早餐或下午茶）、课间/办公提神、图书馆/自习室长时间陪伴,外卖配送（送至校门口或宿舍楼）,校内经营点（食堂、教学楼内咖啡柜台 / 自动机等）,100-300 元,5,4,3,4,3,会增加好感，但最终仍取决于价格和口味,10-20 元（主流连锁品牌）,影响很小，只在本来就想喝的时候顺便寻找优惠,直接购买校内步行最近的咖啡品牌 / 自动机,充足的电源插座,早晨 7:30 前开始营业（满足早八课提神需求）,提供针对校内师生的 “外卖免配送费” 活动,基本不关注，只喝常规款咖啡,挺好的
114,校外人员,1-2 次,线下社交/组会讨论、搭配餐食（早餐或下午茶）,线下自取（点单后步行至店取走）,校园周边沿街店铺（如枣阳路等步行可达区域）,500 元以上,4,3,4,5,5,仅在有实用赠品（杯垫、贴纸、提袋）时考虑,10-20 元（主流连锁品牌）,极大刺激了消费，会因为领到大额券而特意下单,步行去校门口取餐点自提（为了特定品牌或更低价格）,不在咖啡店学习或工作,现有的常规营业时间（如 9:00-21:00）已足够,加入该校区专属社群，定期领取大额优惠券,偶尔会尝试，但不是刚需,挺好的
115,校外人员,1-2 次,图书馆/自习室长时间陪伴、线下社交/组会讨论,堂食（在店内停留使用空间）,校园周边沿街店铺（如枣阳路等步行可达区域）,100-300 元,4,4,4,4,3,会增加好感，但最终仍取决于价格和口味,20-30 元（精品店 / 社交空间）,极大刺激了消费，会因为领到大额券而特意下单,直接购买校内步行最近的咖啡品牌 / 自动机,室内安静程度（背景音乐音量适中）,晚上 22:00 后继续营业（满足熬夜科研 / 赶 due 需求）,提供针对校内师生的 “外卖免配送费” 活动,基本不关注，只喝常规款咖啡,挺好的
116,校外人员,1-2 次,图书馆/自习室长时间陪伴,线下自取（点单后步行至店取走）,附近商圈连锁品牌（如环球港、近铁等）,300-500 元,4,3,4,5,5,基本不关注联名信息，只看产品本身,20-30 元（精品店 / 社交空间）,影响很小，只在本来就想喝的时候顺便寻找优惠,放弃本次购买,室内安静程度（背景音乐音量适中）,早晨 7:30 前开始营业（满足早八课提神需求）,提供针对校内师生的 “外卖免配送费” 活动,基本不关注，只喝常规款咖啡,无
117,本科生,3-5 次,课间/办公提神、图书馆/自习室长时间陪伴、线下社交/组会讨论,外卖配送（送至校门口或宿舍楼）,校内经营点（食堂、教学楼内咖啡柜台 / 自动机等）,100 元以下,4,5,3,5,2,会增加好感，但最终仍取决于价格和口味,20-30 元（精品店 / 社交空间）,有一定影响，领券后会倾向于选择该平台的店铺,步行去校门口取餐点自提（为了特定品牌或更低价格）,不在咖啡店学习或工作,早晨 7:30 前开始营业（满足早八课提神需求）,持续的 “开业前三天买一送一”,基本不关注，只喝常规款咖啡,挺好的
118,研究生（硕士/博士）,每天 1 次及以上,搭配餐食（早餐或下午茶）、图书馆/自习室长时间陪伴,堂食（在店内停留使用空间）,校园周边沿街店铺（如枣阳路等步行可达区域）,100 元以下,4,5,3,3,1,仅在有实用赠品（杯垫、贴纸、提袋）时考虑,20-30 元（精品店 / 社交空间）,极大刺激了消费，会因为领到大额券而特意下单,直接购买校内步行最近的咖啡品牌 / 自动机,桌面高度与椅子舒适度（适合长时间码字）,早晨 7:30 前开始营业（满足早八课提神需求）,针对本校师生持有效证件（学生证 / 教工证）长期打折,偶尔会尝试，但不是刚需,枣阳路外卖送不进来太难受了，希望能多点校内经营点。
119,研究生（硕士/博士）,1-2 次,图书馆/自习室长时间陪伴、线下社交/组会讨论,线下自取（点单后步行至店取走）,附近商圈连锁品牌（如环球港、近铁等）,100-300 元,5,5,2,3,3,仅在有实用赠品（杯垫、贴纸、提袋）时考虑,10-20 元（主流连锁品牌）,极大刺激了消费，会因为领到大额券而特意下单,步行去校门口取餐点自提（为了特定品牌或更低价格）,室内采光与通风情况,现有的常规营业时间（如 9:00-21:00）已足够,提供针对校内师生的 “外卖免配送费” 活动,基本不关注，只喝常规款咖啡,枣阳路外卖送不进来太难受了，希望能多点校内经营点。
120,研究生（硕士/博士）,1-2 次,图书馆/自习室长时间陪伴、课间/办公提神,线下自取（点单后步行至店取走）,校园周边沿街店铺（如枣阳路等步行可达区域）,100 元以下,5,4,3,4,2,会增加好感，但最终仍取决于价格和口味,20-30 元（精品店 / 社交空间）,无影响，依然根据个人口味偏好下单,直接购买校内步行最近的咖啡品牌 / 自动机,不在咖啡店学习或工作,晚上 22:00 后继续营业（满足熬夜科研 / 赶 due 需求）,持续的 “开业前三天买一送一”,完全不需要,
121,校外人员,3-5 次,线下社交/组会讨论、课间/办公提神,外卖配送（送至校门口或宿舍楼）,校园周边沿街店铺（如枣阳路等步行可达区域）,100-300 元,3,4,4,5,3,仅在有实用赠品（杯垫、贴纸、提袋）时考虑,10-20 元（主流连锁品牌）,有一定影响，领券后会倾向于选择该平台的店铺,放弃本次购买,室内安静程度（背景音乐音量适中）,早晨 7:30 前开始营业（满足早八课提神需求）,针对本校师生持有效证件（学生证 / 教工证）长期打折,必须有相关选项，且经常购买,环球港的店人太多没法自习，希望能多一些安静的独立咖啡馆。
122,校外人员,3-5 次,搭配餐食（早餐或下午茶）、图书馆/自习室长时间陪伴,外卖配送（送至校门口或宿舍楼）,校园周边沿街店铺（如枣阳路等步行可达区域）,300-500 元,4,4,5,5,5,仅在有实用赠品（杯垫、贴纸、提袋）时考虑,30 元以上（高端或特调咖啡）,有一定影响，领券后会倾向于选择该平台的店铺,直接购买校内步行最近的咖啡品牌 / 自动机,室内安静程度（背景音乐音量适中）,现有的常规营业时间（如 9:00-21:00）已足够,针对本校师生持有效证件（学生证 / 教工证）长期打折,偶尔会尝试，但不是刚需,挺好的
123,研究生（硕士/博士）,3-5 次,搭配餐食（早餐或下午茶）、线下社交/组会讨论,线下自取（点单后步行至店取走）,校园周边沿街店铺（如枣阳路等步行可达区域）,100 元以下,5,4,4,3,1,会增加好感，但最终仍取决于价格和口味,10-20 元（主流连锁品牌）,无影响，依然根据个人口味偏好下单,支付更高费用选择能送达校内楼栋的特殊配送,充足的电源插座,现有的常规营业时间（如 9:00-21:00）已足够,针对本校师生持有效证件（学生证 / 教工证）长期打折,必须有相关选项，且经常购买,无
124,本科生,3-5 次,课间/办公提神,外卖配送（送至校门口或宿舍楼）,校园周边沿街店铺（如枣阳路等步行可达区域）,100 元以下,5,4,4,5,2,基本不关注联名信息，只看产品本身,10 元以下（极致性价比）,影响很小，只在本来就想喝的时候顺便寻找优惠,放弃本次购买,室内安静程度（背景音乐音量适中）,晚上 22:00 后继续营业（满足熬夜科研 / 赶 due 需求）,针对本校师生持有效证件（学生证 / 教工证）长期打折,偶尔会尝试，但不是刚需,
125,研究生（硕士/博士）,1-2 次,课间/办公提神、搭配餐食（早餐或下午茶）,堂食（在店内停留使用空间）,附近商圈连锁品牌（如环球港、近铁等）,100-300 元,5,5,2,5,1,会增加好感，但最终仍取决于价格和口味,10-20 元（主流连锁品牌）,影响很小，只在本来就想喝的时候顺便寻找优惠,步行去校门口取餐点自提（为了特定品牌或更低价格）,桌面高度与椅子舒适度（适合长时间码字）,现有的常规营业时间（如 9:00-21:00）已足够,持续的 “开业前三天买一送一”,偶尔会尝试，但不是刚需,
126,校外人员,每天 1 次及以上,课间/办公提神,堂食（在店内停留使用空间）,校园周边沿街店铺（如枣阳路等步行可达区域）,100-300 元,3,4,5,4,3,会增加好感，但最终仍取决于价格和口味,20-30 元（精品店 / 社交空间）,影响很小，只在本来就想喝的时候顺便寻找优惠,支付更高费用选择能送达校内楼栋的特殊配送,室内安静程度（背景音乐音量适中）,晚上 22:00 后继续营业（满足熬夜科研 / 赶 due 需求）,针对本校师生持有效证件（学生证 / 教工证）长期打折,必须有相关选项，且经常购买,挺好的
127,本科生,1-2 次,课间/办公提神、图书馆/自习室长时间陪伴、线下社交/组会讨论,线下自取（点单后步行至店取走）,附近商圈连锁品牌（如环球港、近铁等）,100-300 元,4,5,3,3,1,会增加好感，但最终仍取决于价格和口味,10-20 元（主流连锁品牌）,有一定影响，领券后会倾向于选择该平台的店铺,步行去校门口取餐点自提（为了特定品牌或更低价格）,不在咖啡店学习或工作,现有的常规营业时间（如 9:00-21:00）已足够,针对本校师生持有效证件（学生证 / 教工证）长期打折,基本不关注，只喝常规款咖啡,
128,本科生,1-2 次,线下社交/组会讨论、搭配餐食（早餐或下午茶）,堂食（在店内停留使用空间）,校内经营点（食堂、教学楼内咖啡柜台 / 自动机等）,500 元以上,4,4,3,5,1,会增加好感，但最终仍取决于价格和口味,20-30 元（精品店 / 社交空间）,极大刺激了消费，会因为领到大额券而特意下单,步行去校门口取餐点自提（为了特定品牌或更低价格）,充足的电源插座,早晨 7:30 前开始营业（满足早八课提神需求）,提供针对校内师生的 “外卖免配送费” 活动,偶尔会尝试，但不是刚需,无
129,校外人员,1-2 次,课间/办公提神、搭配餐食（早餐或下午茶）,线下自取（点单后步行至店取走）,附近商圈连锁品牌（如环球港、近铁等）,100 元以下,3,5,4,4,5,仅在有实用赠品（杯垫、贴纸、提袋）时考虑,10 元以下（极致性价比）,极大刺激了消费，会因为领到大额券而特意下单,步行去校门口取餐点自提（为了特定品牌或更低价格）,充足的电源插座,晚上 22:00 后继续营业（满足熬夜科研 / 赶 due 需求）,针对本校师生持有效证件（学生证 / 教工证）长期打折,必须有相关选项，且经常购买,枣阳路外卖送不进来太难受了，希望能多点校内经营点。
130,研究生（硕士/博士）,每天 1 次及以上,线下社交/组会讨论、图书馆/自习室长时间陪伴,线下自取（点单后步行至店取走）,仅通过外卖平台跨区域点单（配送距离较远）,100 元以下,4,5,3,3,1,会增加好感，但最终仍取决于价格和口味,20-30 元（精品店 / 社交空间）,影响很小，只在本来就想喝的时候顺便寻找优惠,步行去校门口取餐点自提（为了特定品牌或更低价格）,充足的电源插座,晚上 22:00 后继续营业（满足熬夜科研 / 赶 due 需求）,针对本校师生持有效证件（学生证 / 教工证）长期打折,基本不关注，只喝常规款咖啡,枣阳路外卖送不进来太难受了，希望能多点校内经营点。
131,本科生,1-2 次,搭配餐食（早餐或下午茶）、课间/办公提神,线下自取（点单后步行至店取走）,校内经营点（食堂、教学楼内咖啡柜台 / 自动机等）,100-300 元,5,4,3,3,3,基本不关注联名信息，只看产品本身,10 元以下（极致性价比）,影响很小，只在本来就想喝的时候顺便寻找优惠,直接购买校内步行最近的咖啡品牌 / 自动机,充足的电源插座,现有的常规营业时间（如 9:00-21:00）已足够,加入该校区专属社群，定期领取大额优惠券,基本不关注，只喝常规款咖啡,无
132,研究生（硕士/博士）,3-5 次,搭配餐食（早餐或下午茶）、线下社交/组会讨论,线下自取（点单后步行至店取走）,校内经营点（食堂、教学楼内咖啡柜台 / 自动机等）,100-300 元,4,4,4,4,3,仅在有实用赠品（杯垫、贴纸、提袋）时考虑,20-30 元（精品店 / 社交空间）,极大刺激了消费，会因为领到大额券而特意下单,步行去校门口取餐点自提（为了特定品牌或更低价格）,充足的电源插座,现有的常规营业时间（如 9:00-21:00）已足够,提供针对校内师生的 “外卖免配送费” 活动,偶尔会尝试，但不是刚需,
133,本科生,3-5 次,搭配餐食（早餐或下午茶）、课间/办公提神,外卖配送（送至校门口或宿舍楼）,仅通过外卖平台跨区域点单（配送距离较远）,300-500 元,4,5,2,5,1,会增加好感，但最终仍取决于价格和口味,10-20 元（主流连锁品牌）,有一定影响，领券后会倾向于选择该平台的店铺,直接购买校内步行最近的咖啡品牌 / 自动机,不在咖啡店学习或工作,现有的常规营业时间（如 9:00-21:00）已足够,针对本校师生持有效证件（学生证 / 教工证）长期打折,基本不关注，只喝常规款咖啡,
134,本科生,1-2 次,线下社交/组会讨论、课间/办公提神,堂食（在店内停留使用空间）,校园周边沿街店铺（如枣阳路等步行可达区域）,100 元以下,5,5,3,4,3,仅在有实用赠品（杯垫、贴纸、提袋）时考虑,10-20 元（主流连锁品牌）,有一定影响，领券后会倾向于选择该平台的店铺,步行去校门口取餐点自提（为了特定品牌或更低价格）,室内安静程度（背景音乐音量适中）,现有的常规营业时间（如 9:00-21:00）已足够,加入该校区专属社群，定期领取大额优惠券,偶尔会尝试，但不是刚需,环球港的店人太多没法自习，希望能多一些安静的独立咖啡馆。
135,研究生（硕士/博士）,每天 1 次及以上,搭配餐食（早餐或下午茶）、课间/办公提神,外卖配送（送至校门口或宿舍楼）,校园周边沿街店铺（如枣阳路等步行可达区域）,500 元以上,4,4,4,4,2,会增加好感，但最终仍取决于价格和口味,20-30 元（精品店 / 社交空间）,极大刺激了消费，会因为领到大额券而特意下单,步行去校门口取餐点自提（为了特定品牌或更低价格）,室内安静程度（背景音乐音量适中）,现有的常规营业时间（如 9:00-21:00）已足够,持续的 “开业前三天买一送一”,基本不关注，只喝常规款咖啡,无
136,研究生（硕士/博士）,1-2 次,图书馆/自习室长时间陪伴、搭配餐食（早餐或下午茶）,外卖配送（送至校门口或宿舍楼）,校园周边沿街店铺（如枣阳路等步行可达区域）,100-300 元,5,4,2,5,3,会增加好感，但最终仍取决于价格和口味,20-30 元（精品店 / 社交空间）,影响很小，只在本来就想喝的时候顺便寻找优惠,步行去校门口取餐点自提（为了特定品牌或更低价格）,桌面高度与椅子舒适度（适合长时间码字）,现有的常规营业时间（如 9:00-21:00）已足够,针对本校师生持有效证件（学生证 / 教工证）长期打折,基本不关注，只喝常规款咖啡,无
137,研究生（硕士/博士）,1-2 次,课间/办公提神、搭配餐食（早餐或下午茶）,线下自取（点单后步行至店取走）,附近商圈连锁品牌（如环球港、近铁等）,100-300 元,5,5,2,4,1,仅在有实用赠品（杯垫、贴纸、提袋）时考虑,10-20 元（主流连锁品牌）,影响很小，只在本来就想喝的时候顺便寻找优惠,直接购买校内步行最近的咖啡品牌 / 自动机,室内安静程度（背景音乐音量适中）,晚上 22:00 后继续营业（满足熬夜科研 / 赶 due 需求）,针对本校师生持有效证件（学生证 / 教工证）长期打折,偶尔会尝试，但不是刚需,
138,研究生（硕士/博士）,每天 1 次及以上,课间/办公提神、搭配餐食（早餐或下午茶）,外卖配送（送至校门口或宿舍楼）,校内经营点（食堂、教学楼内咖啡柜台 / 自动机等）,100 元以下,5,5,2,5,3,会增加好感，但最终仍取决于价格和口味,10 元以下（极致性价比）,极大刺激了消费，会因为领到大额券而特意下单,放弃本次购买,桌面高度与椅子舒适度（适合长时间码字）,现有的常规营业时间（如 9:00-21:00）已足够,加入该校区专属社群，定期领取大额优惠券,偶尔会尝试，但不是刚需,挺好的
139,校外人员,1-2 次,线下社交/组会讨论,线下自取（点单后步行至店取走）,附近商圈连锁品牌（如环球港、近铁等）,100-300 元,4,5,5,4,3,仅在有实用赠品（杯垫、贴纸、提袋）时考虑,10-20 元（主流连锁品牌）,有一定影响，领券后会倾向于选择该平台的店铺,步行去校门口取餐点自提（为了特定品牌或更低价格）,室内采光与通风情况,现有的常规营业时间（如 9:00-21:00）已足够,针对本校师生持有效证件（学生证 / 教工证）长期打折,基本不关注，只喝常规款咖啡,环球港的店人太多没法自习，希望能多一些安静的独立咖啡馆。
140,本科生,每天 1 次及以上,线下社交/组会讨论、课间/办公提神,线下自取（点单后步行至店取走）,附近商圈连锁品牌（如环球港、近铁等）,500 元以上,4,4,2,3,3,仅在有实用赠品（杯垫、贴纸、提袋）时考虑,10-20 元（主流连锁品牌）,极大刺激了消费，会因为领到大额券而特意下单,放弃本次购买,室内安静程度（背景音乐音量适中）,早晨 7:30 前开始营业（满足早八课提神需求）,加入该校区专属社群，定期领取大额优惠券,偶尔会尝试，但不是刚需,无
141,研究生（硕士/博士）,每天 1 次及以上,线下社交/组会讨论,线下自取（点单后步行至店取走）,校园周边沿街店铺（如枣阳路等步行可达区域）,100-300 元,5,5,3,5,2,仅在有实用赠品（杯垫、贴纸、提袋）时考虑,10 元以下（极致性价比）,有一定影响，领券后会倾向于选择该平台的店铺,放弃本次购买,充足的电源插座,现有的常规营业时间（如 9:00-21:00）已足够,加入该校区专属社群，定期领取大额优惠券,必须有相关选项，且经常购买,
142,本科生,3-5 次,图书馆/自习室长时间陪伴、搭配餐食（早餐或下午茶）、线下社交/组会讨论,线下自取（点单后步行至店取走）,校园周边沿街店铺（如枣阳路等步行可达区域）,100-300 元,4,4,2,3,2,仅在有实用赠品（杯垫、贴纸、提袋）时考虑,10-20 元（主流连锁品牌）,极大刺激了消费，会因为领到大额券而特意下单,步行去校门口取餐点自提（为了特定品牌或更低价格）,室内安静程度（背景音乐音量适中）,晚上 22:00 后继续营业（满足熬夜科研 / 赶 due 需求）,针对本校师生持有效证件（学生证 / 教工证）长期打折,偶尔会尝试，但不是刚需,无
143,本科生,每天 1 次及以上,搭配餐食（早餐或下午茶）、图书馆/自习室长时间陪伴,外卖配送（送至校门口或宿舍楼）,仅通过外卖平台跨区域点单（配送距离较远）,100 元以下,4,4,2,3,3,会增加好感，但最终仍取决于价格和口味,10 元以下（极致性价比）,有一定影响，领券后会倾向于选择该平台的店铺,直接购买校内步行最近的咖啡品牌 / 自动机,桌面高度与椅子舒适度（适合长时间码字）,早晨 7:30 前开始营业（满足早八课提神需求）,持续的 “开业前三天买一送一”,必须有相关选项，且经常购买,挺好的
144,校外人员,3-5 次,图书馆/自习室长时间陪伴、线下社交/组会讨论,线下自取（点单后步行至店取走）,校园周边沿街店铺（如枣阳路等步行可达区域）,100-300 元,4,3,5,4,3,仅在有实用赠品（杯垫、贴纸、提袋）时考虑,30 元以上（高端或特调咖啡）,有一定影响，领券后会倾向于选择该平台的店铺,步行去校门口取餐点自提（为了特定品牌或更低价格）,不在咖啡店学习或工作,晚上 22:00 后继续营业（满足熬夜科研 / 赶 due 需求）,提供针对校内师生的 “外卖免配送费” 活动,必须有相关选项，且经常购买,挺好的
145,本科生,1-2 次,图书馆/自习室长时间陪伴,外卖配送（送至校门口或宿舍楼）,仅通过外卖平台跨区域点单（配送距离较远）,100 元以下,5,5,3,4,2,基本不关注联名信息，只看产品本身,10-20 元（主流连锁品牌）,有一定影响，领券后会倾向于选择该平台的店铺,直接购买校内步行最近的咖啡品牌 / 自动机,充足的电源插座,晚上 22:00 后继续营业（满足熬夜科研 / 赶 due 需求）,持续的 “开业前三天买一送一”,偶尔会尝试，但不是刚需,
146,校外人员,3-5 次,搭配餐食（早餐或下午茶）、线下社交/组会讨论,堂食（在店内停留使用空间）,附近商圈连锁品牌（如环球港、近铁等）,500 元以上,4,3,4,4,5,仅在有实用赠品（杯垫、贴纸、提袋）时考虑,10-20 元（主流连锁品牌）,有一定影响，领券后会倾向于选择该平台的店铺,步行去校门口取餐点自提（为了特定品牌或更低价格）,室内安静程度（背景音乐音量适中）,现有的常规营业时间（如 9:00-21:00）已足够,针对本校师生持有效证件（学生证 / 教工证）长期打折,完全不需要,希望早八能早点开门，有时候赶早课买不到。
147,校外人员,3-5 次,课间/办公提神,堂食（在店内停留使用空间）,附近商圈连锁品牌（如环球港、近铁等）,500 元以上,4,3,4,4,5,基本不关注联名信息，只看产品本身,10-20 元（主流连锁品牌）,极大刺激了消费，会因为领到大额券而特意下单,直接购买校内步行最近的咖啡品牌 / 自动机,桌面高度与椅子舒适度（适合长时间码字）,现有的常规营业时间（如 9:00-21:00）已足够,针对本校师生持有效证件（学生证 / 教工证）长期打折,偶尔会尝试，但不是刚需,无
148,校外人员,每天 1 次及以上,图书馆/自习室长时间陪伴,线下自取（点单后步行至店取走）,校园周边沿街店铺（如枣阳路等步行可达区域）,300-500 元,2,3,5,5,3,会增加好感，但最终仍取决于价格和口味,10-20 元（主流连锁品牌）,极大刺激了消费，会因为领到大额券而特意下单,步行去校门口取餐点自提（为了特定品牌或更低价格）,室内安静程度（背景音乐音量适中）,早晨 7:30 前开始营业（满足早八课提神需求）,提供针对校内师生的 “外卖免配送费” 活动,完全不需要,挺好的
149,研究生（硕士/博士）,每天 1 次及以上,课间/办公提神,线下自取（点单后步行至店取走）,校园周边沿街店铺（如枣阳路等步行可达区域）,100 元以下,4,5,2,3,1,会增加好感，但最终仍取决于价格和口味,10-20 元（主流连锁品牌）,有一定影响，领券后会倾向于选择该平台的店铺,直接购买校内步行最近的咖啡品牌 / 自动机,桌面高度与椅子舒适度（适合长时间码字）,早晨 7:30 前开始营业（满足早八课提神需求）,针对本校师生持有效证件（学生证 / 教工证）长期打折,基本不关注，只喝常规款咖啡,挺好的
150,本科生,3-5 次,课间/办公提神、图书馆/自习室长时间陪伴、线下社交/组会讨论,线下自取（点单后步行至店取走）,校内经营点（食堂、教学楼内咖啡柜台 / 自动机等）,100-300 元,4,4,2,4,1,仅在有实用赠品（杯垫、贴纸、提袋）时考虑,10-20 元（主流连锁品牌）,有一定影响，领券后会倾向于选择该平台的店铺,直接购买校内步行最近的咖啡品牌 / 自动机,充足的电源插座,早晨 7:30 前开始营业（满足早八课提神需求）,持续的 “开业前三天买一送一”,偶尔会尝试，但不是刚需,
151,本科生,1-2 次,搭配餐食（早餐或下午茶）、图书馆/自习室长时间陪伴、课间/办公提神,线下自取（点单后步行至店取走）,校内经营点（食堂、教学楼内咖啡柜台 / 自动机等）,300-500 元,5,5,3,5,3,仅在有实用赠品（杯垫、贴纸、提袋）时考虑,10-20 元（主流连锁品牌）,极大刺激了消费，会因为领到大额券而特意下单,直接购买校内步行最近的咖啡品牌 / 自动机,室内采光与通风情况,现有的常规营业时间（如 9:00-21:00）已足够,提供针对校内师生的 “外卖免配送费” 活动,必须有相关选项，且经常购买,
152,本科生,1-2 次,线下社交/组会讨论,外卖配送（送至校门口或宿舍楼）,校园周边沿街店铺（如枣阳路等步行可达区域）,100-300 元,5,5,4,5,3,基本不关注联名信息，只看产品本身,20-30 元（精品店 / 社交空间）,极大刺激了消费，会因为领到大额券而特意下单,直接购买校内步行最近的咖啡品牌 / 自动机,充足的电源插座,晚上 22:00 后继续营业（满足熬夜科研 / 赶 due 需求）,持续的 “开业前三天买一送一”,偶尔会尝试，但不是刚需,
153,校外人员,1-2 次,课间/办公提神,堂食（在店内停留使用空间）,附近商圈连锁品牌（如环球港、近铁等）,100-300 元,3,5,4,4,5,仅在有实用赠品（杯垫、贴纸、提袋）时考虑,10-20 元（主流连锁品牌）,影响很小，只在本来就想喝的时候顺便寻找优惠,直接购买校内步行最近的咖啡品牌 / 自动机,桌面高度与椅子舒适度（适合长时间码字）,晚上 22:00 后继续营业（满足熬夜科研 / 赶 due 需求）,持续的 “开业前三天买一送一”,偶尔会尝试，但不是刚需,
154,研究生（硕士/博士）,3-5 次,图书馆/自习室长时间陪伴,线下自取（点单后步行至店取走）,附近商圈连锁品牌（如环球港、近铁等）,100-300 元,5,4,2,4,1,会增加好感，但最终仍取决于价格和口味,20-30 元（精品店 / 社交空间）,极大刺激了消费，会因为领到大额券而特意下单,步行去校门口取餐点自提（为了特定品牌或更低价格）,充足的电源插座,早晨 7:30 前开始营业（满足早八课提神需求）,针对本校师生持有效证件（学生证 / 教工证）长期打折,偶尔会尝试，但不是刚需,挺好的
155,本科生,1-2 次,搭配餐食（早餐或下午茶）、课间/办公提神,线下自取（点单后步行至店取走）,校园周边沿街店铺（如枣阳路等步行可达区域）,300-500 元,5,5,4,3,1,会增加好感，但最终仍取决于价格和口味,10-20 元（主流连锁品牌）,极大刺激了消费，会因为领到大额券而特意下单,直接购买校内步行最近的咖啡品牌 / 自动机,充足的电源插座,晚上 22:00 后继续营业（满足熬夜科研 / 赶 due 需求）,加入该校区专属社群，定期领取大额优惠券,基本不关注，只喝常规款咖啡,挺好的
156,校外人员,3-5 次,课间/办公提神,堂食（在店内停留使用空间）,校内经营点（食堂、教学楼内咖啡柜台 / 自动机等）,500 元以上,3,3,4,4,3,会增加好感，但最终仍取决于价格和口味,20-30 元（精品店 / 社交空间）,影响很小，只在本来就想喝的时候顺便寻找优惠,步行去校门口取餐点自提（为了特定品牌或更低价格）,室内安静程度（背景音乐音量适中）,晚上 22:00 后继续营业（满足熬夜科研 / 赶 due 需求）,持续的 “开业前三天买一送一”,基本不关注，只喝常规款咖啡,希望早八能早点开门，有时候赶早课买不到。
157,校外人员,每天 1 次及以上,线下社交/组会讨论,线下自取（点单后步行至店取走）,附近商圈连锁品牌（如环球港、近铁等）,300-500 元,4,5,4,5,5,只要有我喜欢的 IP，一定会去购买,10-20 元（主流连锁品牌）,极大刺激了消费，会因为领到大额券而特意下单,直接购买校内步行最近的咖啡品牌 / 自动机,充足的电源插座,现有的常规营业时间（如 9:00-21:00）已足够,加入该校区专属社群，定期领取大额优惠券,完全不需要,
158,研究生（硕士/博士）,每天 1 次及以上,搭配餐食（早餐或下午茶）、课间/办公提神,线下自取（点单后步行至店取走）,仅通过外卖平台跨区域点单（配送距离较远）,100-300 元,4,5,2,4,1,只要有我喜欢的 IP，一定会去购买,10-20 元（主流连锁品牌）,有一定影响，领券后会倾向于选择该平台的店铺,支付更高费用选择能送达校内楼栋的特殊配送,桌面高度与椅子舒适度（适合长时间码字）,周末及节假日保持全天候营业,提供针对校内师生的 “外卖免配送费” 活动,偶尔会尝试，但不是刚需,
159,校外人员,3-5 次,图书馆/自习室长时间陪伴,堂食（在店内停留使用空间）,附近商圈连锁品牌（如环球港、近铁等）,100-300 元,4,4,5,4,4,会增加好感，但最终仍取决于价格和口味,20-30 元（精品店 / 社交空间）,影响很小，只在本来就想喝的时候顺便寻找优惠,步行去校门口取餐点自提（为了特定品牌或更低价格）,不在咖啡店学习或工作,晚上 22:00 后继续营业（满足熬夜科研 / 赶 due 需求）,提供针对校内师生的 “外卖免配送费” 活动,基本不关注，只喝常规款咖啡,
160,本科生,1-2 次,搭配餐食（早餐或下午茶）,线下自取（点单后步行至店取走）,校园周边沿街店铺（如枣阳路等步行可达区域）,100 元以下,4,5,3,5,3,仅在有实用赠品（杯垫、贴纸、提袋）时考虑,10-20 元（主流连锁品牌）,有一定影响，领券后会倾向于选择该平台的店铺,直接购买校内步行最近的咖啡品牌 / 自动机,室内安静程度（背景音乐音量适中）,早晨 7:30 前开始营业（满足早八课提神需求）,加入该校区专属社群，定期领取大额优惠券,必须有相关选项，且经常购买,挺好的
161,本科生,1-2 次,搭配餐食（早餐或下午茶）、课间/办公提神、图书馆/自习室长时间陪伴,外卖配送（送至校门口或宿舍楼）,附近商圈连锁品牌（如环球港、近铁等）,100 元以下,5,5,2,4,3,仅在有实用赠品（杯垫、贴纸、提袋）时考虑,10 元以下（极致性价比）,无影响，依然根据个人口味偏好下单,步行去校门口取餐点自提（为了特定品牌或更低价格）,不在咖啡店学习或工作,现有的常规营业时间（如 9:00-21:00）已足够,提供针对校内师生的 “外卖免配送费” 活动,偶尔会尝试，但不是刚需,无
162,研究生（硕士/博士）,1-2 次,线下社交/组会讨论、图书馆/自习室长时间陪伴,线下自取（点单后步行至店取走）,附近商圈连锁品牌（如环球港、近铁等）,100-300 元,5,5,2,4,1,仅在有实用赠品（杯垫、贴纸、提袋）时考虑,20-30 元（精品店 / 社交空间）,有一定影响，领券后会倾向于选择该平台的店铺,直接购买校内步行最近的咖啡品牌 / 自动机,不在咖啡店学习或工作,晚上 22:00 后继续营业（满足熬夜科研 / 赶 due 需求）,持续的 “开业前三天买一送一”,完全不需要,千问的活动希望能多搞，学生党真的很需要优惠！
163,校外人员,每天 1 次及以上,图书馆/自习室长时间陪伴,线下自取（点单后步行至店取走）,附近商圈连锁品牌（如环球港、近铁等）,500 元以上,4,5,4,4,3,会增加好感，但最终仍取决于价格和口味,20-30 元（精品店 / 社交空间）,有一定影响，领券后会倾向于选择该平台的店铺,直接购买校内步行最近的咖啡品牌 / 自动机,室内安静程度（背景音乐音量适中）,早晨 7:30 前开始营业（满足早八课提神需求）,持续的 “开业前三天买一送一”,基本不关注，只喝常规款咖啡,
164,研究生（硕士/博士）,1-2 次,课间/办公提神、线下社交/组会讨论,堂食（在店内停留使用空间）,附近商圈连锁品牌（如环球港、近铁等）,100-300 元,4,5,4,3,1,仅在有实用赠品（杯垫、贴纸、提袋）时考虑,10-20 元（主流连锁品牌）,影响很小，只在本来就想喝的时候顺便寻找优惠,直接购买校内步行最近的咖啡品牌 / 自动机,充足的电源插座,早晨 7:30 前开始营业（满足早八课提神需求）,针对本校师生持有效证件（学生证 / 教工证）长期打折,偶尔会尝试，但不是刚需,
165,研究生（硕士/博士）,1-2 次,线下社交/组会讨论,外卖配送（送至校门口或宿舍楼）,校内经营点（食堂、教学楼内咖啡柜台 / 自动机等）,100-300 元,4,4,4,3,3,会增加好感，但最终仍取决于价格和口味,20-30 元（精品店 / 社交空间）,有一定影响，领券后会倾向于选择该平台的店铺,放弃本次购买,室内采光与通风情况,现有的常规营业时间（如 9:00-21:00）已足够,针对本校师生持有效证件（学生证 / 教工证）长期打折,必须有相关选项，且经常购买,无
166,研究生（硕士/博士）,3-5 次,搭配餐食（早餐或下午茶）、线下社交/组会讨论,堂食（在店内停留使用空间）,校园周边沿街店铺（如枣阳路等步行可达区域）,100-300 元,5,4,4,3,1,基本不关注联名信息，只看产品本身,30 元以上（高端或特调咖啡）,极大刺激了消费，会因为领到大额券而特意下单,步行去校门口取餐点自提（为了特定品牌或更低价格）,桌面高度与椅子舒适度（适合长时间码字）,现有的常规营业时间（如 9:00-21:00）已足够,提供针对校内师生的 “外卖免配送费” 活动,基本不关注，只喝常规款咖啡,无
167,本科生,1-2 次,课间/办公提神,线下自取（点单后步行至店取走）,校园周边沿街店铺（如枣阳路等步行可达区域）,100 元以下,4,4,4,4,1,会增加好感，但最终仍取决于价格和口味,10-20 元（主流连锁品牌）,极大刺激了消费，会因为领到大额券而特意下单,放弃本次购买,桌面高度与椅子舒适度（适合长时间码字）,晚上 22:00 后继续营业（满足熬夜科研 / 赶 due 需求）,持续的 “开业前三天买一送一”,必须有相关选项，且经常购买,无
168,研究生（硕士/博士）,3-5 次,图书馆/自习室长时间陪伴、线下社交/组会讨论,外卖配送（送至校门口或宿舍楼）,附近商圈连锁品牌（如环球港、近铁等）,100-300 元,5,5,4,4,1,仅在有实用赠品（杯垫、贴纸、提袋）时考虑,10-20 元（主流连锁品牌）,影响很小，只在本来就想喝的时候顺便寻找优惠,直接购买校内步行最近的咖啡品牌 / 自动机,桌面高度与椅子舒适度（适合长时间码字）,晚上 22:00 后继续营业（满足熬夜科研 / 赶 due 需求）,提供针对校内师生的 “外卖免配送费” 活动,完全不需要,
169,本科生,1-2 次,搭配餐食（早餐或下午茶）、线下社交/组会讨论,外卖配送（送至校门口或宿舍楼）,校园周边沿街店铺（如枣阳路等步行可达区域）,300-500 元,5,5,3,3,1,会增加好感，但最终仍取决于价格和口味,10 元以下（极致性价比）,影响很小，只在本来就想喝的时候顺便寻找优惠,直接购买校内步行最近的咖啡品牌 / 自动机,室内安静程度（背景音乐音量适中）,早晨 7:30 前开始营业（满足早八课提神需求）,提供针对校内师生的 “外卖免配送费” 活动,必须有相关选项，且经常购买,挺好的
170,研究生（硕士/博士）,1-2 次,课间/办公提神,外卖配送（送至校门口或宿舍楼）,校园周边沿街店铺（如枣阳路等步行可达区域）,500 元以上,5,4,4,5,3,会增加好感，但最终仍取决于价格和口味,10-20 元（主流连锁品牌）,有一定影响，领券后会倾向于选择该平台的店铺,步行去校门口取餐点自提（为了特定品牌或更低价格）,不在咖啡店学习或工作,晚上 22:00 后继续营业（满足熬夜科研 / 赶 due 需求）,加入该校区专属社群，定期领取大额优惠券,必须有相关选项，且经常购买,千问的活动希望能多搞，学生党真的很需要优惠！
171,校外人员,3-5 次,线下社交/组会讨论,线下自取（点单后步行至店取走）,校园周边沿街店铺（如枣阳路等步行可达区域）,300-500 元,2,5,5,5,5,基本不关注联名信息，只看产品本身,20-30 元（精品店 / 社交空间）,有一定影响，领券后会倾向于选择该平台的店铺,放弃本次购买,桌面高度与椅子舒适度（适合长时间码字）,早晨 7:30 前开始营业（满足早八课提神需求）,针对本校师生持有效证件（学生证 / 教工证）长期打折,偶尔会尝试，但不是刚需,希望早八能早点开门，有时候赶早课买不到。
172,校外人员,3-5 次,图书馆/自习室长时间陪伴、课间/办公提神,堂食（在店内停留使用空间）,附近商圈连锁品牌（如环球港、近铁等）,300-500 元,2,3,4,4,5,只要有我喜欢的 IP，一定会去购买,30 元以上（高端或特调咖啡）,有一定影响，领券后会倾向于选择该平台的店铺,步行去校门口取餐点自提（为了特定品牌或更低价格）,室内安静程度（背景音乐音量适中）,现有的常规营业时间（如 9:00-21:00）已足够,持续的 “开业前三天买一送一”,必须有相关选项，且经常购买,挺好的
173,研究生（硕士/博士）,3-5 次,课间/办公提神、图书馆/自习室长时间陪伴,堂食（在店内停留使用空间）,附近商圈连锁品牌（如环球港、近铁等）,300-500 元,5,4,3,4,3,仅在有实用赠品（杯垫、贴纸、提袋）时考虑,30 元以上（高端或特调咖啡）,有一定影响，领券后会倾向于选择该平台的店铺,直接购买校内步行最近的咖啡品牌 / 自动机,桌面高度与椅子舒适度（适合长时间码字）,晚上 22:00 后继续营业（满足熬夜科研 / 赶 due 需求）,针对本校师生持有效证件（学生证 / 教工证）长期打折,基本不关注，只喝常规款咖啡,无
174,本科生,每天 1 次及以上,搭配餐食（早餐或下午茶）、图书馆/自习室长时间陪伴、线下社交/组会讨论,线下自取（点单后步行至店取走）,仅通过外卖平台跨区域点单（配送距离较远）,300-500 元,4,5,3,3,2,仅在有实用赠品（杯垫、贴纸、提袋）时考虑,20-30 元（精品店 / 社交空间）,影响很小，只在本来就想喝的时候顺便寻找优惠,步行去校门口取餐点自提（为了特定品牌或更低价格）,充足的电源插座,早晨 7:30 前开始营业（满足早八课提神需求）,针对本校师生持有效证件（学生证 / 教工证）长期打折,偶尔会尝试，但不是刚需,无
175,校外人员,1-2 次,线下社交/组会讨论、图书馆/自习室长时间陪伴,堂食（在店内停留使用空间）,校园周边沿街店铺（如枣阳路等步行可达区域）,100-300 元,3,4,5,4,3,会增加好感，但最终仍取决于价格和口味,20-30 元（精品店 / 社交空间）,极大刺激了消费，会因为领到大额券而特意下单,步行去校门口取餐点自提（为了特定品牌或更低价格）,室内采光与通风情况,早晨 7:30 前开始营业（满足早八课提神需求）,针对本校师生持有效证件（学生证 / 教工证）长期打折,偶尔会尝试，但不是刚需,无
176,本科生,1-2 次,线下社交/组会讨论、搭配餐食（早餐或下午茶）、图书馆/自习室长时间陪伴,外卖配送（送至校门口或宿舍楼）,附近商圈连锁品牌（如环球港、近铁等）,100-300 元,5,4,2,3,1,基本不关注联名信息，只看产品本身,10-20 元（主流连锁品牌）,有一定影响，领券后会倾向于选择该平台的店铺,步行去校门口取餐点自提（为了特定品牌或更低价格）,充足的电源插座,早晨 7:30 前开始营业（满足早八课提神需求）,针对本校师生持有效证件（学生证 / 教工证）长期打折,偶尔会尝试，但不是刚需,
177,本科生,3-5 次,搭配餐食（早餐或下午茶）、线下社交/组会讨论,外卖配送（送至校门口或宿舍楼）,仅通过外卖平台跨区域点单（配送距离较远）,300-500 元,4,5,2,3,3,会增加好感，但最终仍取决于价格和口味,10-20 元（主流连锁品牌）,极大刺激了消费，会因为领到大额券而特意下单,支付更高费用选择能送达校内楼栋的特殊配送,充足的电源插座,晚上 22:00 后继续营业（满足熬夜科研 / 赶 due 需求）,持续的 “开业前三天买一送一”,偶尔会尝试，但不是刚需,
178,校外人员,每天 1 次及以上,图书馆/自习室长时间陪伴、搭配餐食（早餐或下午茶）,堂食（在店内停留使用空间）,附近商圈连锁品牌（如环球港、近铁等）,100-300 元,3,3,5,5,5,只要有我喜欢的 IP，一定会去购买,20-30 元（精品店 / 社交空间）,极大刺激了消费，会因为领到大额券而特意下单,步行去校门口取餐点自提（为了特定品牌或更低价格）,充足的电源插座,早晨 7:30 前开始营业（满足早八课提神需求）,持续的 “开业前三天买一送一”,偶尔会尝试，但不是刚需,挺好的
179,本科生,3-5 次,搭配餐食（早餐或下午茶）、图书馆/自习室长时间陪伴,外卖配送（送至校门口或宿舍楼）,仅通过外卖平台跨区域点单（配送距离较远）,100-300 元,5,4,4,3,3,会增加好感，但最终仍取决于价格和口味,10-20 元（主流连锁品牌）,有一定影响，领券后会倾向于选择该平台的店铺,步行去校门口取餐点自提（为了特定品牌或更低价格）,不在咖啡店学习或工作,现有的常规营业时间（如 9:00-21:00）已足够,针对本校师生持有效证件（学生证 / 教工证）长期打折,基本不关注，只喝常规款咖啡,挺好的
180,本科生,1-2 次,课间/办公提神、图书馆/自习室长时间陪伴,线下自取（点单后步行至店取走）,附近商圈连锁品牌（如环球港、近铁等）,100 元以下,5,5,3,3,3,基本不关注联名信息，只看产品本身,10-20 元（主流连锁品牌）,影响很小，只在本来就想喝的时候顺便寻找优惠,步行去校门口取餐点自提（为了特定品牌或更低价格）,室内采光与通风情况,早晨 7:30 前开始营业（满足早八课提神需求）,针对本校师生持有效证件（学生证 / 教工证）长期打折,偶尔会尝试，但不是刚需,挺好的
181,研究生（硕士/博士）,1-2 次,线下社交/组会讨论,线下自取（点单后步行至店取走）,校内经营点（食堂、教学楼内咖啡柜台 / 自动机等）,100-300 元,4,4,3,5,2,会增加好感，但最终仍取决于价格和口味,10-20 元（主流连锁品牌）,影响很小，只在本来就想喝的时候顺便寻找优惠,直接购买校内步行最近的咖啡品牌 / 自动机,充足的电源插座,晚上 22:00 后继续营业（满足熬夜科研 / 赶 due 需求）,针对本校师生持有效证件（学生证 / 教工证）长期打折,基本不关注，只喝常规款咖啡,
182,校外人员,3-5 次,搭配餐食（早餐或下午茶）,堂食（在店内停留使用空间）,附近商圈连锁品牌（如环球港、近铁等）,300-500 元,3,5,5,4,4,仅在有实用赠品（杯垫、贴纸、提袋）时考虑,20-30 元（精品店 / 社交空间）,有一定影响，领券后会倾向于选择该平台的店铺,步行去校门口取餐点自提（为了特定品牌或更低价格）,充足的电源插座,早晨 7:30 前开始营业（满足早八课提神需求）,持续的 “开业前三天买一送一”,基本不关注，只喝常规款咖啡,
183,校外人员,每天 1 次及以上,线下社交/组会讨论、搭配餐食（早餐或下午茶）,堂食（在店内停留使用空间）,校园周边沿街店铺（如枣阳路等步行可达区域）,300-500 元,2,5,5,4,5,只要有我喜欢的 IP，一定会去购买,20-30 元（精品店 / 社交空间）,有一定影响，领券后会倾向于选择该平台的店铺,放弃本次购买,室内采光与通风情况,晚上 22:00 后继续营业（满足熬夜科研 / 赶 due 需求）,针对本校师生持有效证件（学生证 / 教工证）长期打折,基本不关注，只喝常规款咖啡,
184,本科生,1-2 次,搭配餐食（早餐或下午茶）、线下社交/组会讨论、课间/办公提神,堂食（在店内停留使用空间）,校内经营点（食堂、教学楼内咖啡柜台 / 自动机等）,300-500 元,4,5,4,5,3,会增加好感，但最终仍取决于价格和口味,10-20 元（主流连锁品牌）,有一定影响，领券后会倾向于选择该平台的店铺,步行去校门口取餐点自提（为了特定品牌或更低价格）,室内采光与通风情况,晚上 22:00 后继续营业（满足熬夜科研 / 赶 due 需求）,针对本校师生持有效证件（学生证 / 教工证）长期打折,偶尔会尝试，但不是刚需,
185,校外人员,1-2 次,课间/办公提神、搭配餐食（早餐或下午茶）,堂食（在店内停留使用空间）,附近商圈连锁品牌（如环球港、近铁等）,300-500 元,3,3,5,5,4,会增加好感，但最终仍取决于价格和口味,10-20 元（主流连锁品牌）,有一定影响，领券后会倾向于选择该平台的店铺,支付更高费用选择能送达校内楼栋的特殊配送,不在咖啡店学习或工作,晚上 22:00 后继续营业（满足熬夜科研 / 赶 due 需求）,针对本校师生持有效证件（学生证 / 教工证）长期打折,完全不需要,挺好的
186,研究生（硕士/博士）,1-2 次,搭配餐食（早餐或下午茶）、图书馆/自习室长时间陪伴,外卖配送（送至校门口或宿舍楼）,校内经营点（食堂、教学楼内咖啡柜台 / 自动机等）,100-300 元,5,4,2,3,2,会增加好感，但最终仍取决于价格和口味,10-20 元（主流连锁品牌）,无影响，依然根据个人口味偏好下单,直接购买校内步行最近的咖啡品牌 / 自动机,充足的电源插座,现有的常规营业时间（如 9:00-21:00）已足够,针对本校师生持有效证件（学生证 / 教工证）长期打折,完全不需要,挺好的
187,本科生,1-2 次,课间/办公提神、图书馆/自习室长时间陪伴、搭配餐食（早餐或下午茶）,线下自取（点单后步行至店取走）,校园周边沿街店铺（如枣阳路等步行可达区域）,100 元以下,5,4,2,5,3,仅在有实用赠品（杯垫、贴纸、提袋）时考虑,10 元以下（极致性价比）,有一定影响，领券后会倾向于选择该平台的店铺,步行去校门口取餐点自提（为了特定品牌或更低价格）,桌面高度与椅子舒适度（适合长时间码字）,晚上 22:00 后继续营业（满足熬夜科研 / 赶 due 需求）,针对本校师生持有效证件（学生证 / 教工证）长期打折,完全不需要,无
188,教职工,1-2 次,图书馆/自习室长时间陪伴,堂食（在店内停留使用空间）,附近商圈连锁品牌（如环球港、近铁等）,100 元以下,2,3,4,5,5,仅在有实用赠品（杯垫、贴纸、提袋）时考虑,20-30 元（精品店 / 社交空间）,有一定影响，领券后会倾向于选择该平台的店铺,步行去校门口取餐点自提（为了特定品牌或更低价格）,室内安静程度（背景音乐音量适中）,早晨 7:30 前开始营业（满足早八课提神需求）,针对本校师生持有效证件（学生证 / 教工证）长期打折,偶尔会尝试，但不是刚需,挺好的
189,本科生,每天 1 次及以上,课间/办公提神、搭配餐食（早餐或下午茶）、图书馆/自习室长时间陪伴,堂食（在店内停留使用空间）,附近商圈连锁品牌（如环球港、近铁等）,300-500 元,5,4,2,4,1,只要有我喜欢的 IP，一定会去购买,10 元以下（极致性价比）,有一定影响，领券后会倾向于选择该平台的店铺,步行去校门口取餐点自提（为了特定品牌或更低价格）,不在咖啡店学习或工作,周末及节假日保持全天候营业,加入该校区专属社群，定期领取大额优惠券,偶尔会尝试，但不是刚需,
190,校外人员,1-2 次,线下社交/组会讨论、搭配餐食（早餐或下午茶）,堂食（在店内停留使用空间）,校园周边沿街店铺（如枣阳路等步行可达区域）,500 元以上,3,3,5,5,5,基本不关注联名信息，只看产品本身,10-20 元（主流连锁品牌）,有一定影响，领券后会倾向于选择该平台的店铺,放弃本次购买,桌面高度与椅子舒适度（适合长时间码字）,早晨 7:30 前开始营业（满足早八课提神需求）,针对本校师生持有效证件（学生证 / 教工证）长期打折,偶尔会尝试，但不是刚需,环球港的店人太多没法自习，希望能多一些安静的独立咖啡馆。
191,本科生,1-2 次,线下社交/组会讨论、图书馆/自习室长时间陪伴,线下自取（点单后步行至店取走）,校园周边沿街店铺（如枣阳路等步行可达区域）,100-300 元,5,5,3,5,1,会增加好感，但最终仍取决于价格和口味,10-20 元（主流连锁品牌）,有一定影响，领券后会倾向于选择该平台的店铺,直接购买校内步行最近的咖啡品牌 / 自动机,室内安静程度（背景音乐音量适中）,早晨 7:30 前开始营业（满足早八课提神需求）,持续的 “开业前三天买一送一”,必须有相关选项，且经常购买,无
192,本科生,3-5 次,课间/办公提神,线下自取（点单后步行至店取走）,附近商圈连锁品牌（如环球港、近铁等）,100 元以下,4,5,3,4,2,会增加好感，但最终仍取决于价格和口味,10 元以下（极致性价比）,极大刺激了消费，会因为领到大额券而特意下单,步行去校门口取餐点自提（为了特定品牌或更低价格）,桌面高度与椅子舒适度（适合长时间码字）,晚上 22:00 后继续营业（满足熬夜科研 / 赶 due 需求）,持续的 “开业前三天买一送一”,必须有相关选项，且经常购买,
193,本科生,1-2 次,搭配餐食（早餐或下午茶）、图书馆/自习室长时间陪伴、课间/办公提神,线下自取（点单后步行至店取走）,校园周边沿街店铺（如枣阳路等步行可达区域）,100-300 元,4,5,4,5,3,仅在有实用赠品（杯垫、贴纸、提袋）时考虑,10-20 元（主流连锁品牌）,极大刺激了消费，会因为领到大额券而特意下单,支付更高费用选择能送达校内楼栋的特殊配送,桌面高度与椅子舒适度（适合长时间码字）,现有的常规营业时间（如 9:00-21:00）已足够,加入该校区专属社群，定期领取大额优惠券,必须有相关选项，且经常购买,
194,校外人员,每天 1 次及以上,搭配餐食（早餐或下午茶）,堂食（在店内停留使用空间）,附近商圈连锁品牌（如环球港、近铁等）,300-500 元,2,4,5,5,3,仅在有实用赠品（杯垫、贴纸、提袋）时考虑,10-20 元（主流连锁品牌）,有一定影响，领券后会倾向于选择该平台的店铺,步行去校门口取餐点自提（为了特定品牌或更低价格）,不在咖啡店学习或工作,现有的常规营业时间（如 9:00-21:00）已足够,持续的 “开业前三天买一送一”,偶尔会尝试，但不是刚需,挺好的
195,本科生,1-2 次,线下社交/组会讨论、图书馆/自习室长时间陪伴,线下自取（点单后步行至店取走）,校园周边沿街店铺（如枣阳路等步行可达区域）,100-300 元,4,4,4,4,3,仅在有实用赠品（杯垫、贴纸、提袋）时考虑,10-20 元（主流连锁品牌）,极大刺激了消费，会因为领到大额券而特意下单,步行去校门口取餐点自提（为了特定品牌或更低价格）,室内安静程度（背景音乐音量适中）,晚上 22:00 后继续营业（满足熬夜科研 / 赶 due 需求）,提供针对校内师生的 “外卖免配送费” 活动,基本不关注，只喝常规款咖啡,无
196,校外人员,1-2 次,图书馆/自习室长时间陪伴,堂食（在店内停留使用空间）,校园周边沿街店铺（如枣阳路等步行可达区域）,100-300 元,3,4,4,4,4,会增加好感，但最终仍取决于价格和口味,10-20 元（主流连锁品牌）,极大刺激了消费，会因为领到大额券而特意下单,步行去校门口取餐点自提（为了特定品牌或更低价格）,室内安静程度（背景音乐音量适中）,早晨 7:30 前开始营业（满足早八课提神需求）,提供针对校内师生的 “外卖免配送费” 活动,必须有相关选项，且经常购买,挺好的
197,本科生,1-2 次,搭配餐食（早餐或下午茶）、线下社交/组会讨论、课间/办公提神,外卖配送（送至校门口或宿舍楼）,校园周边沿街店铺（如枣阳路等步行可达区域）,100-300 元,4,4,3,4,3,会增加好感，但最终仍取决于价格和口味,20-30 元（精品店 / 社交空间）,有一定影响，领券后会倾向于选择该平台的店铺,直接购买校内步行最近的咖啡品牌 / 自动机,不在咖啡店学习或工作,现有的常规营业时间（如 9:00-21:00）已足够,加入该校区专属社群，定期领取大额优惠券,偶尔会尝试，但不是刚需,无
198,本科生,1-2 次,搭配餐食（早餐或下午茶）、课间/办公提神,线下自取（点单后步行至店取走）,校内经营点（食堂、教学楼内咖啡柜台 / 自动机等）,100-300 元,5,5,3,5,2,基本不关注联名信息，只看产品本身,10-20 元（主流连锁品牌）,有一定影响，领券后会倾向于选择该平台的店铺,放弃本次购买,室内安静程度（背景音乐音量适中）,早晨 7:30 前开始营业（满足早八课提神需求）,针对本校师生持有效证件（学生证 / 教工证）长期打折,基本不关注，只喝常规款咖啡,环球港的店人太多没法自习，希望能多一些安静的独立咖啡馆。
199,本科生,每天 1 次及以上,搭配餐食（早餐或下午茶）、图书馆/自习室长时间陪伴、线下社交/组会讨论,线下自取（点单后步行至店取走）,校内经营点（食堂、教学楼内咖啡柜台 / 自动机等）,100-300 元,4,4,3,4,3,会增加好感，但最终仍取决于价格和口味,10-20 元（主流连锁品牌）,无影响，依然根据个人口味偏好下单,步行去校门口取餐点自提（为了特定品牌或更低价格）,桌面高度与椅子舒适度（适合长时间码字）,早晨 7:30 前开始营业（满足早八课提神需求）,针对本校师生持有效证件（学生证 / 教工证）长期打折,偶尔会尝试，但不是刚需,挺好的
200,本科生,1-2 次,图书馆/自习室长时间陪伴、搭配餐食（早餐或下午茶）、课间/办公提神,堂食（在店内停留使用空间）,附近商圈连锁品牌（如环球港、近铁等）,100-300 元,5,4,2,4,1,只要有我喜欢的 IP，一定会去购买,20-30 元（精品店 / 社交空间）,有一定影响，领券后会倾向于选择该平台的店铺,直接购买校内步行最近的咖啡品牌 / 自动机,室内采光与通风情况,现有的常规营业时间（如 9:00-21:00）已足够,持续的 “开业前三天买一送一”,基本不关注，只喝常规款咖啡,无
201,本科生,1-2 次,线下社交/组会讨论、课间/办公提神,外卖配送（送至校门口或宿舍楼）,校园周边沿街店铺（如枣阳路等步行可达区域）,100 元以下,5,5,3,5,2,基本不关注联名信息，只看产品本身,10-20 元（主流连锁品牌）,无影响，依然根据个人口味偏好下单,直接购买校内步行最近的咖啡品牌 / 自动机,桌面高度与椅子舒适度（适合长时间码字）,现有的常规营业时间（如 9:00-21:00）已足够,加入该校区专属社群，定期领取大额优惠券,偶尔会尝试，但不是刚需,挺好的
202,本科生,每天 1 次及以上,课间/办公提神,线下自取（点单后步行至店取走）,校内经营点（食堂、教学楼内咖啡柜台 / 自动机等）,100-300 元,4,5,4,4,3,会增加好感，但最终仍取决于价格和口味,10-20 元（主流连锁品牌）,有一定影响，领券后会倾向于选择该平台的店铺,直接购买校内步行最近的咖啡品牌 / 自动机,桌面高度与椅子舒适度（适合长时间码字）,晚上 22:00 后继续营业（满足熬夜科研 / 赶 due 需求）,针对本校师生持有效证件（学生证 / 教工证）长期打折,偶尔会尝试，但不是刚需,
203,本科生,3-5 次,图书馆/自习室长时间陪伴、课间/办公提神、搭配餐食（早餐或下午茶）,外卖配送（送至校门口或宿舍楼）,校园周边沿街店铺（如枣阳路等步行可达区域）,300-500 元,5,4,3,3,2,基本不关注联名信息，只看产品本身,20-30 元（精品店 / 社交空间）,有一定影响，领券后会倾向于选择该平台的店铺,步行去校门口取餐点自提（为了特定品牌或更低价格）,室内采光与通风情况,早晨 7:30 前开始营业（满足早八课提神需求）,针对本校师生持有效证件（学生证 / 教工证）长期打折,基本不关注，只喝常规款咖啡,乳糖不耐受，强烈呼吁校内机子加燕麦奶选项。
204,校外人员,1-2 次,线下社交/组会讨论,堂食（在店内停留使用空间）,仅通过外卖平台跨区域点单（配送距离较远）,300-500 元,2,5,5,5,5,会增加好感，但最终仍取决于价格和口味,10-20 元（主流连锁品牌）,影响很小，只在本来就想喝的时候顺便寻找优惠,步行去校门口取餐点自提（为了特定品牌或更低价格）,不在咖啡店学习或工作,现有的常规营业时间（如 9:00-21:00）已足够,针对本校师生持有效证件（学生证 / 教工证）长期打折,偶尔会尝试，但不是刚需,希望早八能早点开门，有时候赶早课买不到。
205,本科生,3-5 次,线下社交/组会讨论、搭配餐食（早餐或下午茶）、课间/办公提神,线下自取（点单后步行至店取走）,校园周边沿街店铺（如枣阳路等步行可达区域）,100 元以下,5,4,4,5,2,会增加好感，但最终仍取决于价格和口味,10 元以下（极致性价比）,有一定影响，领券后会倾向于选择该平台的店铺,支付更高费用选择能送达校内楼栋的特殊配送,室内采光与通风情况,早晨 7:30 前开始营业（满足早八课提神需求）,针对本校师生持有效证件（学生证 / 教工证）长期打折,必须有相关选项，且经常购买,
206,本科生,3-5 次,搭配餐食（早餐或下午茶）、线下社交/组会讨论,线下自取（点单后步行至店取走）,附近商圈连锁品牌（如环球港、近铁等）,100 元以下,5,4,2,3,2,只要有我喜欢的 IP，一定会去购买,10 元以下（极致性价比）,有一定影响，领券后会倾向于选择该平台的店铺,直接购买校内步行最近的咖啡品牌 / 自动机,桌面高度与椅子舒适度（适合长时间码字）,周末及节假日保持全天候营业,针对本校师生持有效证件（学生证 / 教工证）长期打折,基本不关注，只喝常规款咖啡,挺好的
207,本科生,3-5 次,课间/办公提神、搭配餐食（早餐或下午茶）、线下社交/组会讨论,线下自取（点单后步行至店取走）,校园周边沿街店铺（如枣阳路等步行可达区域）,100-300 元,5,4,3,5,1,仅在有实用赠品（杯垫、贴纸、提袋）时考虑,10 元以下（极致性价比）,有一定影响，领券后会倾向于选择该平台的店铺,直接购买校内步行最近的咖啡品牌 / 自动机,不在咖啡店学习或工作,晚上 22:00 后继续营业（满足熬夜科研 / 赶 due 需求）,针对本校师生持有效证件（学生证 / 教工证）长期打折,偶尔会尝试，但不是刚需,无
208,研究生（硕士/博士）,每天 1 次及以上,课间/办公提神,线下自取（点单后步行至店取走）,校园周边沿街店铺（如枣阳路等步行可达区域）,300-500 元,4,5,2,3,3,只要有我喜欢的 IP，一定会去购买,20-30 元（精品店 / 社交空间）,极大刺激了消费，会因为领到大额券而特意下单,步行去校门口取餐点自提（为了特定品牌或更低价格）,不在咖啡店学习或工作,早晨 7:30 前开始营业（满足早八课提神需求）,针对本校师生持有效证件（学生证 / 教工证）长期打折,基本不关注，只喝常规款咖啡,挺好的
209,研究生（硕士/博士）,1-2 次,线下社交/组会讨论,线下自取（点单后步行至店取走）,附近商圈连锁品牌（如环球港、近铁等）,500 元以上,4,5,4,3,2,仅在有实用赠品（杯垫、贴纸、提袋）时考虑,20-30 元（精品店 / 社交空间）,有一定影响，领券后会倾向于选择该平台的店铺,直接购买校内步行最近的咖啡品牌 / 自动机,室内安静程度（背景音乐音量适中）,晚上 22:00 后继续营业（满足熬夜科研 / 赶 due 需求）,针对本校师生持有效证件（学生证 / 教工证）长期打折,必须有相关选项，且经常购买,无
210,研究生（硕士/博士）,3-5 次,图书馆/自习室长时间陪伴,堂食（在店内停留使用空间）,附近商圈连锁品牌（如环球港、近铁等）,500 元以上,5,5,3,4,2,仅在有实用赠品（杯垫、贴纸、提袋）时考虑,10-20 元（主流连锁品牌）,极大刺激了消费，会因为领到大额券而特意下单,步行去校门口取餐点自提（为了特定品牌或更低价格）,充足的电源插座,晚上 22:00 后继续营业（满足熬夜科研 / 赶 due 需求）,持续的 “开业前三天买一送一”,必须有相关选项，且经常购买,环球港的店人太多没法自习，希望能多一些安静的独立咖啡馆。
211,本科生,3-5 次,线下社交/组会讨论、图书馆/自习室长时间陪伴、搭配餐食（早餐或下午茶）,线下自取（点单后步行至店取走）,校内经营点（食堂、教学楼内咖啡柜台 / 自动机等）,100-300 元,5,4,3,4,2,仅在有实用赠品（杯垫、贴纸、提袋）时考虑,10-20 元（主流连锁品牌）,有一定影响，领券后会倾向于选择该平台的店铺,步行去校门口取餐点自提（为了特定品牌或更低价格）,充足的电源插座,周末及节假日保持全天候营业,加入该校区专属社群，定期领取大额优惠券,偶尔会尝试，但不是刚需,挺好的
212,校外人员,1-2 次,线下社交/组会讨论、搭配餐食（早餐或下午茶）,线下自取（点单后步行至店取走）,附近商圈连锁品牌（如环球港、近铁等）,500 元以上,2,4,4,4,3,仅在有实用赠品（杯垫、贴纸、提袋）时考虑,10-20 元（主流连锁品牌）,极大刺激了消费，会因为领到大额券而特意下单,步行去校门口取餐点自提（为了特定品牌或更低价格）,桌面高度与椅子舒适度（适合长时间码字）,现有的常规营业时间（如 9:00-21:00）已足够,提供针对校内师生的 “外卖免配送费” 活动,基本不关注，只喝常规款咖啡,枣阳路外卖送不进来太难受了，希望能多点校内经营点。
213,本科生,1-2 次,搭配餐食（早餐或下午茶）、线下社交/组会讨论、课间/办公提神,外卖配送（送至校门口或宿舍楼）,附近商圈连锁品牌（如环球港、近铁等）,300-500 元,5,4,4,5,2,会增加好感，但最终仍取决于价格和口味,10-20 元（主流连锁品牌）,极大刺激了消费，会因为领到大额券而特意下单,步行去校门口取餐点自提（为了特定品牌或更低价格）,桌面高度与椅子舒适度（适合长时间码字）,现有的常规营业时间（如 9:00-21:00）已足够,加入该校区专属社群，定期领取大额优惠券,偶尔会尝试，但不是刚需,挺好的
214,本科生,1-2 次,搭配餐食（早餐或下午茶）、课间/办公提神、图书馆/自习室长时间陪伴,外卖配送（送至校门口或宿舍楼）,校内经营点（食堂、教学楼内咖啡柜台 / 自动机等）,100-300 元,4,4,3,5,1,只要有我喜欢的 IP，一定会去购买,10-20 元（主流连锁品牌）,有一定影响，领券后会倾向于选择该平台的店铺,步行去校门口取餐点自提（为了特定品牌或更低价格）,充足的电源插座,晚上 22:00 后继续营业（满足熬夜科研 / 赶 due 需求）,针对本校师生持有效证件（学生证 / 教工证）长期打折,必须有相关选项，且经常购买,枣阳路外卖送不进来太难受了，希望能多点校内经营点。
215,校外人员,每天 1 次及以上,线下社交/组会讨论、图书馆/自习室长时间陪伴,堂食（在店内停留使用空间）,附近商圈连锁品牌（如环球港、近铁等）,100-300 元,3,3,5,4,3,只要有我喜欢的 IP，一定会去购买,20-30 元（精品店 / 社交空间）,有一定影响，领券后会倾向于选择该平台的店铺,步行去校门口取餐点自提（为了特定品牌或更低价格）,不在咖啡店学习或工作,早晨 7:30 前开始营业（满足早八课提神需求）,针对本校师生持有效证件（学生证 / 教工证）长期打折,基本不关注，只喝常规款咖啡,挺好的
216,研究生（硕士/博士）,3-5 次,线下社交/组会讨论,外卖配送（送至校门口或宿舍楼）,校园周边沿街店铺（如枣阳路等步行可达区域）,500 元以上,5,5,2,5,3,会增加好感，但最终仍取决于价格和口味,20-30 元（精品店 / 社交空间）,影响很小，只在本来就想喝的时候顺便寻找优惠,支付更高费用选择能送达校内楼栋的特殊配送,室内安静程度（背景音乐音量适中）,早晨 7:30 前开始营业（满足早八课提神需求）,针对本校师生持有效证件（学生证 / 教工证）长期打折,必须有相关选项，且经常购买,枣阳路外卖送不进来太难受了，希望能多点校内经营点。
217,本科生,1-2 次,搭配餐食（早餐或下午茶）,线下自取（点单后步行至店取走）,附近商圈连锁品牌（如环球港、近铁等）,300-500 元,4,4,3,4,3,仅在有实用赠品（杯垫、贴纸、提袋）时考虑,20-30 元（精品店 / 社交空间）,极大刺激了消费，会因为领到大额券而特意下单,步行去校门口取餐点自提（为了特定品牌或更低价格）,桌面高度与椅子舒适度（适合长时间码字）,晚上 22:00 后继续营业（满足熬夜科研 / 赶 due 需求）,提供针对校内师生的 “外卖免配送费” 活动,基本不关注，只喝常规款咖啡,挺好的
218,本科生,1-2 次,搭配餐食（早餐或下午茶）,线下自取（点单后步行至店取走）,校内经营点（食堂、教学楼内咖啡柜台 / 自动机等）,100 元以下,4,4,2,5,3,基本不关注联名信息，只看产品本身,10 元以下（极致性价比）,影响很小，只在本来就想喝的时候顺便寻找优惠,放弃本次购买,桌面高度与椅子舒适度（适合长时间码字）,晚上 22:00 后继续营业（满足熬夜科研 / 赶 due 需求）,针对本校师生持有效证件（学生证 / 教工证）长期打折,偶尔会尝试，但不是刚需,无
219,研究生（硕士/博士）,1-2 次,图书馆/自习室长时间陪伴、线下社交/组会讨论,外卖配送（送至校门口或宿舍楼）,校内经营点（食堂、教学楼内咖啡柜台 / 自动机等）,100-300 元,5,5,2,3,2,会增加好感，但最终仍取决于价格和口味,10-20 元（主流连锁品牌）,影响很小，只在本来就想喝的时候顺便寻找优惠,步行去校门口取餐点自提（为了特定品牌或更低价格）,不在咖啡店学习或工作,现有的常规营业时间（如 9:00-21:00）已足够,针对本校师生持有效证件（学生证 / 教工证）长期打折,偶尔会尝试，但不是刚需,无
220,校外人员,3-5 次,线下社交/组会讨论、课间/办公提神,堂食（在店内停留使用空间）,附近商圈连锁品牌（如环球港、近铁等）,100-300 元,4,4,4,4,5,会增加好感，但最终仍取决于价格和口味,20-30 元（精品店 / 社交空间）,有一定影响，领券后会倾向于选择该平台的店铺,支付更高费用选择能送达校内楼栋的特殊配送,不在咖啡店学习或工作,晚上 22:00 后继续营业（满足熬夜科研 / 赶 due 需求）,针对本校师生持有效证件（学生证 / 教工证）长期打折,偶尔会尝试，但不是刚需,
221,本科生,1-2 次,课间/办公提神、搭配餐食（早餐或下午茶）、线下社交/组会讨论,外卖配送（送至校门口或宿舍楼）,校园周边沿街店铺（如枣阳路等步行可达区域）,100 元以下,4,5,3,3,3,仅在有实用赠品（杯垫、贴纸、提袋）时考虑,10 元以下（极致性价比）,有一定影响，领券后会倾向于选择该平台的店铺,直接购买校内步行最近的咖啡品牌 / 自动机,室内安静程度（背景音乐音量适中）,晚上 22:00 后继续营业（满足熬夜科研 / 赶 due 需求）,针对本校师生持有效证件（学生证 / 教工证）长期打折,基本不关注，只喝常规款咖啡,挺好的
222,本科生,1-2 次,课间/办公提神,堂食（在店内停留使用空间）,校园周边沿街店铺（如枣阳路等步行可达区域）,100-300 元,5,4,4,5,3,会增加好感，但最终仍取决于价格和口味,10 元以下（极致性价比）,有一定影响，领券后会倾向于选择该平台的店铺,支付更高费用选择能送达校内楼栋的特殊配送,不在咖啡店学习或工作,晚上 22:00 后继续营业（满足熬夜科研 / 赶 due 需求）,针对本校师生持有效证件（学生证 / 教工证）长期打折,基本不关注，只喝常规款咖啡,无
223,校外人员,3-5 次,图书馆/自习室长时间陪伴,线下自取（点单后步行至店取走）,校园周边沿街店铺（如枣阳路等步行可达区域）,300-500 元,4,5,5,4,5,会增加好感，但最终仍取决于价格和口味,20-30 元（精品店 / 社交空间）,影响很小，只在本来就想喝的时候顺便寻找优惠,支付更高费用选择能送达校内楼栋的特殊配送,充足的电源插座,周末及节假日保持全天候营业,持续的 “开业前三天买一送一”,必须有相关选项，且经常购买,无
224,校外人员,3-5 次,图书馆/自习室长时间陪伴、搭配餐食（早餐或下午茶）,堂食（在店内停留使用空间）,附近商圈连锁品牌（如环球港、近铁等）,300-500 元,3,4,4,5,3,会增加好感，但最终仍取决于价格和口味,30 元以上（高端或特调咖啡）,极大刺激了消费，会因为领到大额券而特意下单,步行去校门口取餐点自提（为了特定品牌或更低价格）,不在咖啡店学习或工作,周末及节假日保持全天候营业,持续的 “开业前三天买一送一”,偶尔会尝试，但不是刚需,
225,研究生（硕士/博士）,3-5 次,课间/办公提神,外卖配送（送至校门口或宿舍楼）,校园周边沿街店铺（如枣阳路等步行可达区域）,100-300 元,4,4,4,5,3,只要有我喜欢的 IP，一定会去购买,20-30 元（精品店 / 社交空间）,影响很小，只在本来就想喝的时候顺便寻找优惠,放弃本次购买,不在咖啡店学习或工作,早晨 7:30 前开始营业（满足早八课提神需求）,针对本校师生持有效证件（学生证 / 教工证）长期打折,基本不关注，只喝常规款咖啡,乳糖不耐受，强烈呼吁校内机子加燕麦奶选项。
226,校外人员,1-2 次,搭配餐食（早餐或下午茶）、图书馆/自习室长时间陪伴,线下自取（点单后步行至店取走）,附近商圈连锁品牌（如环球港、近铁等）,500 元以上,3,3,5,4,5,会增加好感，但最终仍取决于价格和口味,10-20 元（主流连锁品牌）,极大刺激了消费，会因为领到大额券而特意下单,放弃本次购买,桌面高度与椅子舒适度（适合长时间码字）,早晨 7:30 前开始营业（满足早八课提神需求）,针对本校师生持有效证件（学生证 / 教工证）长期打折,偶尔会尝试，但不是刚需,无
227,校外人员,1-2 次,线下社交/组会讨论,外卖配送（送至校门口或宿舍楼）,校园周边沿街店铺（如枣阳路等步行可达区域）,500 元以上,4,3,4,4,5,会增加好感，但最终仍取决于价格和口味,20-30 元（精品店 / 社交空间）,有一定影响，领券后会倾向于选择该平台的店铺,支付更高费用选择能送达校内楼栋的特殊配送,不在咖啡店学习或工作,晚上 22:00 后继续营业（满足熬夜科研 / 赶 due 需求）,提供针对校内师生的 “外卖免配送费” 活动,基本不关注，只喝常规款咖啡,挺好的
228,校外人员,3-5 次,图书馆/自习室长时间陪伴、搭配餐食（早餐或下午茶）,线下自取（点单后步行至店取走）,附近商圈连锁品牌（如环球港、近铁等）,500 元以上,4,4,5,5,3,只要有我喜欢的 IP，一定会去购买,20-30 元（精品店 / 社交空间）,有一定影响，领券后会倾向于选择该平台的店铺,直接购买校内步行最近的咖啡品牌 / 自动机,室内采光与通风情况,晚上 22:00 后继续营业（满足熬夜科研 / 赶 due 需求）,提供针对校内师生的 “外卖免配送费” 活动,基本不关注，只喝常规款咖啡,无
229,本科生,1-2 次,课间/办公提神、图书馆/自习室长时间陪伴、搭配餐食（早餐或下午茶）,外卖配送（送至校门口或宿舍楼）,附近商圈连锁品牌（如环球港、近铁等）,100 元以下,4,4,2,5,2,仅在有实用赠品（杯垫、贴纸、提袋）时考虑,20-30 元（精品店 / 社交空间）,有一定影响，领券后会倾向于选择该平台的店铺,步行去校门口取餐点自提（为了特定品牌或更低价格）,充足的电源插座,晚上 22:00 后继续营业（满足熬夜科研 / 赶 due 需求）,针对本校师生持有效证件（学生证 / 教工证）长期打折,偶尔会尝试，但不是刚需,千问的活动希望能多搞，学生党真的很需要优惠！
230,校外人员,3-5 次,图书馆/自习室长时间陪伴、课间/办公提神,线下自取（点单后步行至店取走）,附近商圈连锁品牌（如环球港、近铁等）,100-300 元,4,4,5,5,3,仅在有实用赠品（杯垫、贴纸、提袋）时考虑,20-30 元（精品店 / 社交空间）,有一定影响，领券后会倾向于选择该平台的店铺,直接购买校内步行最近的咖啡品牌 / 自动机,充足的电源插座,现有的常规营业时间（如 9:00-21:00）已足够,加入该校区专属社群，定期领取大额优惠券,偶尔会尝试，但不是刚需,枣阳路外卖送不进来太难受了，希望能多点校内经营点。
231,本科生,3-5 次,图书馆/自习室长时间陪伴、课间/办公提神、搭配餐食（早餐或下午茶）,外卖配送（送至校门口或宿舍楼）,校园周边沿街店铺（如枣阳路等步行可达区域）,300-500 元,4,4,3,3,1,仅在有实用赠品（杯垫、贴纸、提袋）时考虑,10 元以下（极致性价比）,影响很小，只在本来就想喝的时候顺便寻找优惠,放弃本次购买,室内安静程度（背景音乐音量适中）,晚上 22:00 后继续营业（满足熬夜科研 / 赶 due 需求）,针对本校师生持有效证件（学生证 / 教工证）长期打折,偶尔会尝试，但不是刚需,
232,本科生,1-2 次,课间/办公提神、线下社交/组会讨论,线下自取（点单后步行至店取走）,附近商圈连锁品牌（如环球港、近铁等）,100-300 元,5,5,2,5,2,基本不关注联名信息，只看产品本身,10-20 元（主流连锁品牌）,极大刺激了消费，会因为领到大额券而特意下单,步行去校门口取餐点自提（为了特定品牌或更低价格）,充足的电源插座,早晨 7:30 前开始营业（满足早八课提神需求）,针对本校师生持有效证件（学生证 / 教工证）长期打折,必须有相关选项，且经常购买,无
233,本科生,3-5 次,图书馆/自习室长时间陪伴、线下社交/组会讨论,外卖配送（送至校门口或宿舍楼）,校园周边沿街店铺（如枣阳路等步行可达区域）,100-300 元,5,4,2,5,3,基本不关注联名信息，只看产品本身,10-20 元（主流连锁品牌）,有一定影响，领券后会倾向于选择该平台的店铺,直接购买校内步行最近的咖啡品牌 / 自动机,室内安静程度（背景音乐音量适中）,现有的常规营业时间（如 9:00-21:00）已足够,加入该校区专属社群，定期领取大额优惠券,基本不关注，只喝常规款咖啡,乳糖不耐受，强烈呼吁校内机子加燕麦奶选项。
234,研究生（硕士/博士）,每天 1 次及以上,线下社交/组会讨论,线下自取（点单后步行至店取走）,附近商圈连锁品牌（如环球港、近铁等）,100 元以下,4,4,3,3,3,仅在有实用赠品（杯垫、贴纸、提袋）时考虑,20-30 元（精品店 / 社交空间）,影响很小，只在本来就想喝的时候顺便寻找优惠,步行去校门口取餐点自提（为了特定品牌或更低价格）,不在咖啡店学习或工作,现有的常规营业时间（如 9:00-21:00）已足够,针对本校师生持有效证件（学生证 / 教工证）长期打折,完全不需要,挺好的
235,教职工,3-5 次,线下社交/组会讨论、搭配餐食（早餐或下午茶）,线下自取（点单后步行至店取走）,附近商圈连锁品牌（如环球港、近铁等）,100-300 元,4,4,4,4,4,会增加好感，但最终仍取决于价格和口味,20-30 元（精品店 / 社交空间）,有一定影响，领券后会倾向于选择该平台的店铺,放弃本次购买,充足的电源插座,早晨 7:30 前开始营业（满足早八课提神需求）,加入该校区专属社群，定期领取大额优惠券,偶尔会尝试，但不是刚需,
236,校外人员,每天 1 次及以上,课间/办公提神、线下社交/组会讨论,堂食（在店内停留使用空间）,附近商圈连锁品牌（如环球港、近铁等）,300-500 元,2,5,5,5,3,仅在有实用赠品（杯垫、贴纸、提袋）时考虑,20-30 元（精品店 / 社交空间）,影响很小，只在本来就想喝的时候顺便寻找优惠,步行去校门口取餐点自提（为了特定品牌或更低价格）,充足的电源插座,早晨 7:30 前开始营业（满足早八课提神需求）,加入该校区专属社群，定期领取大额优惠券,基本不关注，只喝常规款咖啡,无
237,研究生（硕士/博士）,1-2 次,图书馆/自习室长时间陪伴、线下社交/组会讨论,堂食（在店内停留使用空间）,校内经营点（食堂、教学楼内咖啡柜台 / 自动机等）,100-300 元,4,4,3,4,2,只要有我喜欢的 IP，一定会去购买,20-30 元（精品店 / 社交空间）,极大刺激了消费，会因为领到大额券而特意下单,支付更高费用选择能送达校内楼栋的特殊配送,充足的电源插座,晚上 22:00 后继续营业（满足熬夜科研 / 赶 due 需求）,针对本校师生持有效证件（学生证 / 教工证）长期打折,基本不关注，只喝常规款咖啡,挺好的
238,本科生,3-5 次,线下社交/组会讨论、图书馆/自习室长时间陪伴、课间/办公提神,外卖配送（送至校门口或宿舍楼）,校园周边沿街店铺（如枣阳路等步行可达区域）,100 元以下,5,4,4,4,1,基本不关注联名信息，只看产品本身,10-20 元（主流连锁品牌）,有一定影响，领券后会倾向于选择该平台的店铺,直接购买校内步行最近的咖啡品牌 / 自动机,室内安静程度（背景音乐音量适中）,晚上 22:00 后继续营业（满足熬夜科研 / 赶 due 需求）,加入该校区专属社群，定期领取大额优惠券,偶尔会尝试，但不是刚需,无
239,教职工,1-2 次,课间/办公提神,外卖配送（送至校门口或宿舍楼）,校园周边沿街店铺（如枣阳路等步行可达区域）,500 元以上,4,4,4,5,4,仅在有实用赠品（杯垫、贴纸、提袋）时考虑,10 元以下（极致性价比）,极大刺激了消费，会因为领到大额券而特意下单,步行去校门口取餐点自提（为了特定品牌或更低价格）,充足的电源插座,早晨 7:30 前开始营业（满足早八课提神需求）,针对本校师生持有效证件（学生证 / 教工证）长期打折,完全不需要,挺好的
240,本科生,每天 1 次及以上,线下社交/组会讨论,外卖配送（送至校门口或宿舍楼）,仅通过外卖平台跨区域点单（配送距离较远）,100 元以下,5,5,2,4,3,会增加好感，但最终仍取决于价格和口味,20-30 元（精品店 / 社交空间）,无影响，依然根据个人口味偏好下单,直接购买校内步行最近的咖啡品牌 / 自动机,桌面高度与椅子舒适度（适合长时间码字）,现有的常规营业时间（如 9:00-21:00）已足够,针对本校师生持有效证件（学生证 / 教工证）长期打折,偶尔会尝试，但不是刚需,
241,校外人员,1-2 次,线下社交/组会讨论,堂食（在店内停留使用空间）,校园周边沿街店铺（如枣阳路等步行可达区域）,100-300 元,4,5,4,5,4,会增加好感，但最终仍取决于价格和口味,10 元以下（极致性价比）,极大刺激了消费，会因为领到大额券而特意下单,支付更高费用选择能送达校内楼栋的特殊配送,室内安静程度（背景音乐音量适中）,早晨 7:30 前开始营业（满足早八课提神需求）,加入该校区专属社群，定期领取大额优惠券,必须有相关选项，且经常购买,希望早八能早点开门，有时候赶早课买不到。
242,校外人员,每天 1 次及以上,课间/办公提神,堂食（在店内停留使用空间）,附近商圈连锁品牌（如环球港、近铁等）,100-300 元,2,4,4,4,3,仅在有实用赠品（杯垫、贴纸、提袋）时考虑,10-20 元（主流连锁品牌）,极大刺激了消费，会因为领到大额券而特意下单,步行去校门口取餐点自提（为了特定品牌或更低价格）,室内安静程度（背景音乐音量适中）,晚上 22:00 后继续营业（满足熬夜科研 / 赶 due 需求）,针对本校师生持有效证件（学生证 / 教工证）长期打折,偶尔会尝试，但不是刚需,挺好的
243,本科生,3-5 次,图书馆/自习室长时间陪伴,外卖配送（送至校门口或宿舍楼）,校内经营点（食堂、教学楼内咖啡柜台 / 自动机等）,300-500 元,5,4,4,4,1,会增加好感，但最终仍取决于价格和口味,10-20 元（主流连锁品牌）,极大刺激了消费，会因为领到大额券而特意下单,支付更高费用选择能送达校内楼栋的特殊配送,室内采光与通风情况,早晨 7:30 前开始营业（满足早八课提神需求）,持续的 “开业前三天买一送一”,必须有相关选项，且经常购买,无
244,本科生,3-5 次,搭配餐食（早餐或下午茶）,外卖配送（送至校门口或宿舍楼）,校内经营点（食堂、教学楼内咖啡柜台 / 自动机等）,100-300 元,5,5,3,3,2,会增加好感，但最终仍取决于价格和口味,10-20 元（主流连锁品牌）,有一定影响，领券后会倾向于选择该平台的店铺,支付更高费用选择能送达校内楼栋的特殊配送,充足的电源插座,晚上 22:00 后继续营业（满足熬夜科研 / 赶 due 需求）,加入该校区专属社群，定期领取大额优惠券,偶尔会尝试，但不是刚需,无
245,校外人员,3-5 次,课间/办公提神,线下自取（点单后步行至店取走）,仅通过外卖平台跨区域点单（配送距离较远）,300-500 元,4,3,4,4,5,仅在有实用赠品（杯垫、贴纸、提袋）时考虑,10-20 元（主流连锁品牌）,极大刺激了消费，会因为领到大额券而特意下单,放弃本次购买,充足的电源插座,现有的常规营业时间（如 9:00-21:00）已足够,持续的 “开业前三天买一送一”,基本不关注，只喝常规款咖啡,希望早八能早点开门，有时候赶早课买不到。
246,研究生（硕士/博士）,1-2 次,线下社交/组会讨论,线下自取（点单后步行至店取走）,仅通过外卖平台跨区域点单（配送距离较远）,100 元以下,4,5,3,4,1,基本不关注联名信息，只看产品本身,10-20 元（主流连锁品牌）,影响很小，只在本来就想喝的时候顺便寻找优惠,直接购买校内步行最近的咖啡品牌 / 自动机,充足的电源插座,早晨 7:30 前开始营业（满足早八课提神需求）,持续的 “开业前三天买一送一”,基本不关注，只喝常规款咖啡,挺好的
247,本科生,每天 1 次及以上,线下社交/组会讨论,外卖配送（送至校门口或宿舍楼）,校内经营点（食堂、教学楼内咖啡柜台 / 自动机等）,300-500 元,5,5,4,4,2,仅在有实用赠品（杯垫、贴纸、提袋）时考虑,10-20 元（主流连锁品牌）,极大刺激了消费，会因为领到大额券而特意下单,直接购买校内步行最近的咖啡品牌 / 自动机,室内采光与通风情况,晚上 22:00 后继续营业（满足熬夜科研 / 赶 due 需求）,提供针对校内师生的 “外卖免配送费” 活动,基本不关注，只喝常规款咖啡,千问的活动希望能多搞，学生党真的很需要优惠！
248,本科生,3-5 次,课间/办公提神,外卖配送（送至校门口或宿舍楼）,校园周边沿街店铺（如枣阳路等步行可达区域）,100 元以下,4,5,3,4,2,只要有我喜欢的 IP，一定会去购买,10-20 元（主流连锁品牌）,极大刺激了消费，会因为领到大额券而特意下单,步行去校门口取餐点自提（为了特定品牌或更低价格）,不在咖啡店学习或工作,早晨 7:30 前开始营业（满足早八课提神需求）,提供针对校内师生的 “外卖免配送费” 活动,基本不关注，只喝常规款咖啡,挺好的
249,本科生,3-5 次,课间/办公提神,线下自取（点单后步行至店取走）,附近商圈连锁品牌（如环球港、近铁等）,500 元以上,5,5,2,3,3,会增加好感，但最终仍取决于价格和口味,10 元以下（极致性价比）,极大刺激了消费，会因为领到大额券而特意下单,支付更高费用选择能送达校内楼栋的特殊配送,室内安静程度（背景音乐音量适中）,现有的常规营业时间（如 9:00-21:00）已足够,加入该校区专属社群，定期领取大额优惠券,偶尔会尝试，但不是刚需,
250,本科生,每天 1 次及以上,线下社交/组会讨论、课间/办公提神,线下自取（点单后步行至店取走）,校内经营点（食堂、教学楼内咖啡柜台 / 自动机等）,100 元以下,4,4,2,3,3,会增加好感，但最终仍取决于价格和口味,10-20 元（主流连锁品牌）,有一定影响，领券后会倾向于选择该平台的店铺,支付更高费用选择能送达校内楼栋的特殊配送,不在咖啡店学习或工作,早晨 7:30 前开始营业（满足早八课提神需求）,加入该校区专属社群，定期领取大额优惠券,偶尔会尝试，但不是刚需,乳糖不耐受，强烈呼吁校内机子加燕麦奶选项。
251,研究生（硕士/博士）,3-5 次,线下社交/组会讨论、图书馆/自习室长时间陪伴,线下自取（点单后步行至店取走）,校内经营点（食堂、教学楼内咖啡柜台 / 自动机等）,300-500 元,4,5,4,5,1,只要有我喜欢的 IP，一定会去购买,10-20 元（主流连锁品牌）,有一定影响，领券后会倾向于选择该平台的店铺,直接购买校内步行最近的咖啡品牌 / 自动机,不在咖啡店学习或工作,现有的常规营业时间（如 9:00-21:00）已足够,针对本校师生持有效证件（学生证 / 教工证）长期打折,基本不关注，只喝常规款咖啡,
252,研究生（硕士/博士）,1-2 次,线下社交/组会讨论,线下自取（点单后步行至店取走）,校园周边沿街店铺（如枣阳路等步行可达区域）,500 元以上,4,4,3,5,2,会增加好感，但最终仍取决于价格和口味,20-30 元（精品店 / 社交空间）,影响很小，只在本来就想喝的时候顺便寻找优惠,直接购买校内步行最近的咖啡品牌 / 自动机,桌面高度与椅子舒适度（适合长时间码字）,周末及节假日保持全天候营业,针对本校师生持有效证件（学生证 / 教工证）长期打折,基本不关注，只喝常规款咖啡,挺好的
253,本科生,1-2 次,线下社交/组会讨论、图书馆/自习室长时间陪伴,外卖配送（送至校门口或宿舍楼）,校园周边沿街店铺（如枣阳路等步行可达区域）,300-500 元,4,4,2,5,2,基本不关注联名信息，只看产品本身,10 元以下（极致性价比）,影响很小，只在本来就想喝的时候顺便寻找优惠,放弃本次购买,充足的电源插座,现有的常规营业时间（如 9:00-21:00）已足够,针对本校师生持有效证件（学生证 / 教工证）长期打折,偶尔会尝试，但不是刚需,
254,本科生,1-2 次,搭配餐食（早餐或下午茶）、课间/办公提神,线下自取（点单后步行至店取走）,校内经营点（食堂、教学楼内咖啡柜台 / 自动机等）,100 元以下,5,4,4,3,2,基本不关注联名信息，只看产品本身,10 元以下（极致性价比）,有一定影响，领券后会倾向于选择该平台的店铺,步行去校门口取餐点自提（为了特定品牌或更低价格）,不在咖啡店学习或工作,周末及节假日保持全天候营业,针对本校师生持有效证件（学生证 / 教工证）长期打折,必须有相关选项，且经常购买,无
255,教职工,1-2 次,课间/办公提神、线下社交/组会讨论,线下自取（点单后步行至店取走）,校内经营点（食堂、教学楼内咖啡柜台 / 自动机等）,100-300 元,3,3,5,5,4,会增加好感，但最终仍取决于价格和口味,10-20 元（主流连锁品牌）,极大刺激了消费，会因为领到大额券而特意下单,步行去校门口取餐点自提（为了特定品牌或更低价格）,桌面高度与椅子舒适度（适合长时间码字）,晚上 22:00 后继续营业（满足熬夜科研 / 赶 due 需求）,提供针对校内师生的 “外卖免配送费” 活动,完全不需要,千问的活动希望能多搞，学生党真的很需要优惠！
256,本科生,3-5 次,课间/办公提神,堂食（在店内停留使用空间）,校园周边沿街店铺（如枣阳路等步行可达区域）,100-300 元,5,4,2,5,2,会增加好感，但最终仍取决于价格和口味,10-20 元（主流连锁品牌）,有一定影响，领券后会倾向于选择该平台的店铺,直接购买校内步行最近的咖啡品牌 / 自动机,不在咖啡店学习或工作,周末及节假日保持全天候营业,持续的 “开业前三天买一送一”,偶尔会尝试，但不是刚需,无
257,校外人员,3-5 次,课间/办公提神,堂食（在店内停留使用空间）,校园周边沿街店铺（如枣阳路等步行可达区域）,500 元以上,4,5,5,4,3,只要有我喜欢的 IP，一定会去购买,20-30 元（精品店 / 社交空间）,极大刺激了消费，会因为领到大额券而特意下单,放弃本次购买,充足的电源插座,现有的常规营业时间（如 9:00-21:00）已足够,针对本校师生持有效证件（学生证 / 教工证）长期打折,偶尔会尝试，但不是刚需,挺好的
258,本科生,1-2 次,搭配餐食（早餐或下午茶）、课间/办公提神、图书馆/自习室长时间陪伴,外卖配送（送至校门口或宿舍楼）,仅通过外卖平台跨区域点单（配送距离较远）,100-300 元,4,4,2,3,2,仅在有实用赠品（杯垫、贴纸、提袋）时考虑,20-30 元（精品店 / 社交空间）,影响很小，只在本来就想喝的时候顺便寻找优惠,直接购买校内步行最近的咖啡品牌 / 自动机,充足的电源插座,早晨 7:30 前开始营业（满足早八课提神需求）,加入该校区专属社群，定期领取大额优惠券,偶尔会尝试，但不是刚需,
259,研究生（硕士/博士）,每天 1 次及以上,线下社交/组会讨论,线下自取（点单后步行至店取走）,校园周边沿街店铺（如枣阳路等步行可达区域）,100-300 元,4,5,4,3,3,基本不关注联名信息，只看产品本身,10-20 元（主流连锁品牌）,有一定影响，领券后会倾向于选择该平台的店铺,步行去校门口取餐点自提（为了特定品牌或更低价格）,不在咖啡店学习或工作,早晨 7:30 前开始营业（满足早八课提神需求）,加入该校区专属社群，定期领取大额优惠券,偶尔会尝试，但不是刚需,无
260,校外人员,1-2 次,线下社交/组会讨论、课间/办公提神,堂食（在店内停留使用空间）,附近商圈连锁品牌（如环球港、近铁等）,500 元以上,3,3,5,5,4,仅在有实用赠品（杯垫、贴纸、提袋）时考虑,20-30 元（精品店 / 社交空间）,有一定影响，领券后会倾向于选择该平台的店铺,步行去校门口取餐点自提（为了特定品牌或更低价格）,充足的电源插座,晚上 22:00 后继续营业（满足熬夜科研 / 赶 due 需求）,持续的 “开业前三天买一送一”,偶尔会尝试，但不是刚需,无
261,研究生（硕士/博士）,1-2 次,搭配餐食（早餐或下午茶）,外卖配送（送至校门口或宿舍楼）,仅通过外卖平台跨区域点单（配送距离较远）,100-300 元,4,5,3,3,1,只要有我喜欢的 IP，一定会去购买,20-30 元（精品店 / 社交空间）,极大刺激了消费，会因为领到大额券而特意下单,放弃本次购买,充足的电源插座,早晨 7:30 前开始营业（满足早八课提神需求）,针对本校师生持有效证件（学生证 / 教工证）长期打折,偶尔会尝试，但不是刚需,
262,本科生,3-5 次,图书馆/自习室长时间陪伴、课间/办公提神,线下自取（点单后步行至店取走）,校园周边沿街店铺（如枣阳路等步行可达区域）,300-500 元,5,4,2,3,1,会增加好感，但最终仍取决于价格和口味,10 元以下（极致性价比）,极大刺激了消费，会因为领到大额券而特意下单,步行去校门口取餐点自提（为了特定品牌或更低价格）,室内采光与通风情况,早晨 7:30 前开始营业（满足早八课提神需求）,加入该校区专属社群，定期领取大额优惠券,必须有相关选项，且经常购买,挺好的
263,本科生,3-5 次,搭配餐食（早餐或下午茶）,外卖配送（送至校门口或宿舍楼）,校内经营点（食堂、教学楼内咖啡柜台 / 自动机等）,100 元以下,4,5,2,5,2,会增加好感，但最终仍取决于价格和口味,20-30 元（精品店 / 社交空间）,有一定影响，领券后会倾向于选择该平台的店铺,步行去校门口取餐点自提（为了特定品牌或更低价格）,室内采光与通风情况,晚上 22:00 后继续营业（满足熬夜科研 / 赶 due 需求）,加入该校区专属社群，定期领取大额优惠券,偶尔会尝试，但不是刚需,
264,校外人员,3-5 次,课间/办公提神、图书馆/自习室长时间陪伴,线下自取（点单后步行至店取走）,附近商圈连锁品牌（如环球港、近铁等）,100-300 元,3,4,5,5,4,基本不关注联名信息，只看产品本身,20-30 元（精品店 / 社交空间）,有一定影响，领券后会倾向于选择该平台的店铺,步行去校门口取餐点自提（为了特定品牌或更低价格）,不在咖啡店学习或工作,晚上 22:00 后继续营业（满足熬夜科研 / 赶 due 需求）,持续的 “开业前三天买一送一”,完全不需要,
265,校外人员,3-5 次,搭配餐食（早餐或下午茶）、课间/办公提神,线下自取（点单后步行至店取走）,附近商圈连锁品牌（如环球港、近铁等）,300-500 元,2,5,5,4,3,基本不关注联名信息，只看产品本身,10-20 元（主流连锁品牌）,极大刺激了消费，会因为领到大额券而特意下单,支付更高费用选择能送达校内楼栋的特殊配送,室内安静程度（背景音乐音量适中）,周末及节假日保持全天候营业,针对本校师生持有效证件（学生证 / 教工证）长期打折,偶尔会尝试，但不是刚需,无
266,校外人员,3-5 次,线下社交/组会讨论,堂食（在店内停留使用空间）,附近商圈连锁品牌（如环球港、近铁等）,300-500 元,4,5,4,5,4,只要有我喜欢的 IP，一定会去购买,10-20 元（主流连锁品牌）,极大刺激了消费，会因为领到大额券而特意下单,放弃本次购买,桌面高度与椅子舒适度（适合长时间码字）,晚上 22:00 后继续营业（满足熬夜科研 / 赶 due 需求）,持续的 “开业前三天买一送一”,必须有相关选项，且经常购买,无
267,本科生,1-2 次,线下社交/组会讨论,线下自取（点单后步行至店取走）,仅通过外卖平台跨区域点单（配送距离较远）,100-300 元,5,5,2,5,2,仅在有实用赠品（杯垫、贴纸、提袋）时考虑,10-20 元（主流连锁品牌）,影响很小，只在本来就想喝的时候顺便寻找优惠,直接购买校内步行最近的咖啡品牌 / 自动机,充足的电源插座,早晨 7:30 前开始营业（满足早八课提神需求）,提供针对校内师生的 “外卖免配送费” 活动,必须有相关选项，且经常购买,挺好的
268,校外人员,每天 1 次及以上,线下社交/组会讨论、图书馆/自习室长时间陪伴,线下自取（点单后步行至店取走）,校园周边沿街店铺（如枣阳路等步行可达区域）,100-300 元,4,4,4,4,5,仅在有实用赠品（杯垫、贴纸、提袋）时考虑,30 元以上（高端或特调咖啡）,有一定影响，领券后会倾向于选择该平台的店铺,放弃本次购买,不在咖啡店学习或工作,现有的常规营业时间（如 9:00-21:00）已足够,针对本校师生持有效证件（学生证 / 教工证）长期打折,偶尔会尝试，但不是刚需,千问的活动希望能多搞，学生党真的很需要优惠！
269,本科生,1-2 次,线下社交/组会讨论、课间/办公提神、搭配餐食（早餐或下午茶）,外卖配送（送至校门口或宿舍楼）,校园周边沿街店铺（如枣阳路等步行可达区域）,100 元以下,4,5,2,3,2,仅在有实用赠品（杯垫、贴纸、提袋）时考虑,10 元以下（极致性价比）,极大刺激了消费，会因为领到大额券而特意下单,步行去校门口取餐点自提（为了特定品牌或更低价格）,室内安静程度（背景音乐音量适中）,周末及节假日保持全天候营业,针对本校师生持有效证件（学生证 / 教工证）长期打折,偶尔会尝试，但不是刚需,千问的活动希望能多搞，学生党真的很需要优惠！
270,校外人员,1-2 次,线下社交/组会讨论,外卖配送（送至校门口或宿舍楼）,附近商圈连锁品牌（如环球港、近铁等）,300-500 元,2,5,5,4,5,基本不关注联名信息，只看产品本身,10-20 元（主流连锁品牌）,有一定影响，领券后会倾向于选择该平台的店铺,直接购买校内步行最近的咖啡品牌 / 自动机,室内采光与通风情况,现有的常规营业时间（如 9:00-21:00）已足够,针对本校师生持有效证件（学生证 / 教工证）长期打折,偶尔会尝试，但不是刚需,
271,本科生,每天 1 次及以上,图书馆/自习室长时间陪伴、线下社交/组会讨论,堂食（在店内停留使用空间）,仅通过外卖平台跨区域点单（配送距离较远）,100-300 元,4,4,4,5,2,仅在有实用赠品（杯垫、贴纸、提袋）时考虑,10-20 元（主流连锁品牌）,极大刺激了消费，会因为领到大额券而特意下单,直接购买校内步行最近的咖啡品牌 / 自动机,桌面高度与椅子舒适度（适合长时间码字）,现有的常规营业时间（如 9:00-21:00）已足够,提供针对校内师生的 “外卖免配送费” 活动,基本不关注，只喝常规款咖啡,
272,本科生,3-5 次,搭配餐食（早餐或下午茶）、图书馆/自习室长时间陪伴,线下自取（点单后步行至店取走）,校内经营点（食堂、教学楼内咖啡柜台 / 自动机等）,100 元以下,4,4,2,3,1,只要有我喜欢的 IP，一定会去购买,10 元以下（极致性价比）,有一定影响，领券后会倾向于选择该平台的店铺,步行去校门口取餐点自提（为了特定品牌或更低价格）,充足的电源插座,早晨 7:30 前开始营业（满足早八课提神需求）,加入该校区专属社群，定期领取大额优惠券,偶尔会尝试，但不是刚需,
273,研究生（硕士/博士）,1-2 次,课间/办公提神,堂食（在店内停留使用空间）,附近商圈连锁品牌（如环球港、近铁等）,100-300 元,4,5,4,4,3,会增加好感，但最终仍取决于价格和口味,20-30 元（精品店 / 社交空间）,极大刺激了消费，会因为领到大额券而特意下单,步行去校门口取餐点自提（为了特定品牌或更低价格）,室内安静程度（背景音乐音量适中）,晚上 22:00 后继续营业（满足熬夜科研 / 赶 due 需求）,针对本校师生持有效证件（学生证 / 教工证）长期打折,基本不关注，只喝常规款咖啡,枣阳路外卖送不进来太难受了，希望能多点校内经营点。
274,校外人员,1-2 次,线下社交/组会讨论、图书馆/自习室长时间陪伴,堂食（在店内停留使用空间）,附近商圈连锁品牌（如环球港、近铁等）,500 元以上,2,5,5,5,5,基本不关注联名信息，只看产品本身,10-20 元（主流连锁品牌）,有一定影响，领券后会倾向于选择该平台的店铺,步行去校门口取餐点自提（为了特定品牌或更低价格）,不在咖啡店学习或工作,晚上 22:00 后继续营业（满足熬夜科研 / 赶 due 需求）,针对本校师生持有效证件（学生证 / 教工证）长期打折,偶尔会尝试，但不是刚需,
275,本科生,1-2 次,课间/办公提神,外卖配送（送至校门口或宿舍楼）,校园周边沿街店铺（如枣阳路等步行可达区域）,100 元以下,4,4,3,4,1,会增加好感，但最终仍取决于价格和口味,10-20 元（主流连锁品牌）,极大刺激了消费，会因为领到大额券而特意下单,直接购买校内步行最近的咖啡品牌 / 自动机,室内采光与通风情况,早晨 7:30 前开始营业（满足早八课提神需求）,提供针对校内师生的 “外卖免配送费” 活动,必须有相关选项，且经常购买,挺好的
276,本科生,1-2 次,线下社交/组会讨论,线下自取（点单后步行至店取走）,附近商圈连锁品牌（如环球港、近铁等）,100-300 元,4,4,4,3,1,会增加好感，但最终仍取决于价格和口味,10-20 元（主流连锁品牌）,有一定影响，领券后会倾向于选择该平台的店铺,步行去校门口取餐点自提（为了特定品牌或更低价格）,室内安静程度（背景音乐音量适中）,晚上 22:00 后继续营业（满足熬夜科研 / 赶 due 需求）,持续的 “开业前三天买一送一”,偶尔会尝试，但不是刚需,
277,本科生,每天 1 次及以上,课间/办公提神,线下自取（点单后步行至店取走）,校内经营点（食堂、教学楼内咖啡柜台 / 自动机等）,300-500 元,4,5,2,5,2,只要有我喜欢的 IP，一定会去购买,10 元以下（极致性价比）,有一定影响，领券后会倾向于选择该平台的店铺,直接购买校内步行最近的咖啡品牌 / 自动机,室内采光与通风情况,现有的常规营业时间（如 9:00-21:00）已足够,针对本校师生持有效证件（学生证 / 教工证）长期打折,基本不关注，只喝常规款咖啡,挺好的
278,研究生（硕士/博士）,1-2 次,课间/办公提神,线下自取（点单后步行至店取走）,校内经营点（食堂、教学楼内咖啡柜台 / 自动机等）,100-300 元,5,5,4,4,2,基本不关注联名信息，只看产品本身,20-30 元（精品店 / 社交空间）,极大刺激了消费，会因为领到大额券而特意下单,步行去校门口取餐点自提（为了特定品牌或更低价格）,室内安静程度（背景音乐音量适中）,早晨 7:30 前开始营业（满足早八课提神需求）,针对本校师生持有效证件（学生证 / 教工证）长期打折,偶尔会尝试，但不是刚需,无
279,校外人员,3-5 次,线下社交/组会讨论,堂食（在店内停留使用空间）,校内经营点（食堂、教学楼内咖啡柜台 / 自动机等）,100-300 元,2,4,5,4,5,基本不关注联名信息，只看产品本身,10-20 元（主流连锁品牌）,有一定影响，领券后会倾向于选择该平台的店铺,放弃本次购买,不在咖啡店学习或工作,早晨 7:30 前开始营业（满足早八课提神需求）,针对本校师生持有效证件（学生证 / 教工证）长期打折,偶尔会尝试，但不是刚需,挺好的
280,本科生,1-2 次,线下社交/组会讨论、课间/办公提神、图书馆/自习室长时间陪伴,线下自取（点单后步行至店取走）,附近商圈连锁品牌（如环球港、近铁等）,500 元以上,4,4,2,3,1,基本不关注联名信息，只看产品本身,10-20 元（主流连锁品牌）,极大刺激了消费，会因为领到大额券而特意下单,放弃本次购买,充足的电源插座,早晨 7:30 前开始营业（满足早八课提神需求）,持续的 “开业前三天买一送一”,必须有相关选项，且经常购买,
281,本科生,3-5 次,线下社交/组会讨论,堂食（在店内停留使用空间）,附近商圈连锁品牌（如环球港、近铁等）,500 元以上,4,5,2,3,1,会增加好感，但最终仍取决于价格和口味,10 元以下（极致性价比）,有一定影响，领券后会倾向于选择该平台的店铺,步行去校门口取餐点自提（为了特定品牌或更低价格）,充足的电源插座,早晨 7:30 前开始营业（满足早八课提神需求）,针对本校师生持有效证件（学生证 / 教工证）长期打折,偶尔会尝试，但不是刚需,千问的活动希望能多搞，学生党真的很需要优惠！
282,本科生,1-2 次,图书馆/自习室长时间陪伴,堂食（在店内停留使用空间）,校内经营点（食堂、教学楼内咖啡柜台 / 自动机等）,500 元以上,4,4,3,5,1,只要有我喜欢的 IP，一定会去购买,10-20 元（主流连锁品牌）,有一定影响，领券后会倾向于选择该平台的店铺,步行去校门口取餐点自提（为了特定品牌或更低价格）,不在咖啡店学习或工作,早晨 7:30 前开始营业（满足早八课提神需求）,针对本校师生持有效证件（学生证 / 教工证）长期打折,基本不关注，只喝常规款咖啡,
283,校外人员,3-5 次,图书馆/自习室长时间陪伴,堂食（在店内停留使用空间）,附近商圈连锁品牌（如环球港、近铁等）,300-500 元,3,4,4,5,4,基本不关注联名信息，只看产品本身,10-20 元（主流连锁品牌）,极大刺激了消费，会因为领到大额券而特意下单,直接购买校内步行最近的咖啡品牌 / 自动机,桌面高度与椅子舒适度（适合长时间码字）,周末及节假日保持全天候营业,提供针对校内师生的 “外卖免配送费” 活动,偶尔会尝试，但不是刚需,无
284,本科生,3-5 次,搭配餐食（早餐或下午茶）、课间/办公提神,线下自取（点单后步行至店取走）,校园周边沿街店铺（如枣阳路等步行可达区域）,100-300 元,4,4,3,5,1,会增加好感，但最终仍取决于价格和口味,10-20 元（主流连锁品牌）,有一定影响，领券后会倾向于选择该平台的店铺,步行去校门口取餐点自提（为了特定品牌或更低价格）,室内采光与通风情况,现有的常规营业时间（如 9:00-21:00）已足够,针对本校师生持有效证件（学生证 / 教工证）长期打折,基本不关注，只喝常规款咖啡,
285,研究生（硕士/博士）,1-2 次,搭配餐食（早餐或下午茶）、图书馆/自习室长时间陪伴,堂食（在店内停留使用空间）,校内经营点（食堂、教学楼内咖啡柜台 / 自动机等）,100-300 元,4,4,3,5,2,基本不关注联名信息，只看产品本身,20-30 元（精品店 / 社交空间）,有一定影响，领券后会倾向于选择该平台的店铺,直接购买校内步行最近的咖啡品牌 / 自动机,室内安静程度（背景音乐音量适中）,早晨 7:30 前开始营业（满足早八课提神需求）,针对本校师生持有效证件（学生证 / 教工证）长期打折,偶尔会尝试，但不是刚需,希望早八能早点开门，有时候赶早课买不到。
286,校外人员,1-2 次,课间/办公提神、搭配餐食（早餐或下午茶）,堂食（在店内停留使用空间）,校园周边沿街店铺（如枣阳路等步行可达区域）,300-500 元,3,5,5,5,3,会增加好感，但最终仍取决于价格和口味,10-20 元（主流连锁品牌）,有一定影响，领券后会倾向于选择该平台的店铺,步行去校门口取餐点自提（为了特定品牌或更低价格）,充足的电源插座,早晨 7:30 前开始营业（满足早八课提神需求）,加入该校区专属社群，定期领取大额优惠券,基本不关注，只喝常规款咖啡,挺好的
287,本科生,每天 1 次及以上,图书馆/自习室长时间陪伴,线下自取（点单后步行至店取走）,附近商圈连锁品牌（如环球港、近铁等）,100 元以下,4,5,4,5,1,基本不关注联名信息，只看产品本身,20-30 元（精品店 / 社交空间）,有一定影响，领券后会倾向于选择该平台的店铺,放弃本次购买,充足的电源插座,现有的常规营业时间（如 9:00-21:00）已足够,加入该校区专属社群，定期领取大额优惠券,基本不关注，只喝常规款咖啡,无
288,研究生（硕士/博士）,3-5 次,搭配餐食（早餐或下午茶）,线下自取（点单后步行至店取走）,附近商圈连锁品牌（如环球港、近铁等）,100-300 元,4,4,4,3,2,仅在有实用赠品（杯垫、贴纸、提袋）时考虑,10 元以下（极致性价比）,有一定影响，领券后会倾向于选择该平台的店铺,步行去校门口取餐点自提（为了特定品牌或更低价格）,室内采光与通风情况,现有的常规营业时间（如 9:00-21:00）已足够,针对本校师生持有效证件（学生证 / 教工证）长期打折,必须有相关选项，且经常购买,环球港的店人太多没法自习，希望能多一些安静的独立咖啡馆。
289,校外人员,1-2 次,图书馆/自习室长时间陪伴、线下社交/组会讨论,堂食（在店内停留使用空间）,附近商圈连锁品牌（如环球港、近铁等）,300-500 元,2,5,4,5,4,仅在有实用赠品（杯垫、贴纸、提袋）时考虑,20-30 元（精品店 / 社交空间）,有一定影响，领券后会倾向于选择该平台的店铺,步行去校门口取餐点自提（为了特定品牌或更低价格）,充足的电源插座,现有的常规营业时间（如 9:00-21:00）已足够,提供针对校内师生的 “外卖免配送费” 活动,基本不关注，只喝常规款咖啡,挺好的
290,校外人员,每天 1 次及以上,图书馆/自习室长时间陪伴、搭配餐食（早餐或下午茶）,线下自取（点单后步行至店取走）,校园周边沿街店铺（如枣阳路等步行可达区域）,100-300 元,2,3,4,5,5,仅在有实用赠品（杯垫、贴纸、提袋）时考虑,20-30 元（精品店 / 社交空间）,有一定影响，领券后会倾向于选择该平台的店铺,步行去校门口取餐点自提（为了特定品牌或更低价格）,不在咖啡店学习或工作,晚上 22:00 后继续营业（满足熬夜科研 / 赶 due 需求）,针对本校师生持有效证件（学生证 / 教工证）长期打折,偶尔会尝试，但不是刚需,无
291,本科生,每天 1 次及以上,线下社交/组会讨论、图书馆/自习室长时间陪伴,线下自取（点单后步行至店取走）,校园周边沿街店铺（如枣阳路等步行可达区域）,100-300 元,5,5,4,3,2,会增加好感，但最终仍取决于价格和口味,10-20 元（主流连锁品牌）,有一定影响，领券后会倾向于选择该平台的店铺,放弃本次购买,室内安静程度（背景音乐音量适中）,早晨 7:30 前开始营业（满足早八课提神需求）,提供针对校内师生的 “外卖免配送费” 活动,偶尔会尝试，但不是刚需,无
292,研究生（硕士/博士）,1-2 次,图书馆/自习室长时间陪伴,堂食（在店内停留使用空间）,校园周边沿街店铺（如枣阳路等步行可达区域）,300-500 元,5,5,2,4,2,基本不关注联名信息，只看产品本身,10-20 元（主流连锁品牌）,极大刺激了消费，会因为领到大额券而特意下单,步行去校门口取餐点自提（为了特定品牌或更低价格）,充足的电源插座,早晨 7:30 前开始营业（满足早八课提神需求）,针对本校师生持有效证件（学生证 / 教工证）长期打折,偶尔会尝试，但不是刚需,挺好的
293,本科生,3-5 次,课间/办公提神,堂食（在店内停留使用空间）,校园周边沿街店铺（如枣阳路等步行可达区域）,100 元以下,4,5,4,4,1,会增加好感，但最终仍取决于价格和口味,10-20 元（主流连锁品牌）,影响很小，只在本来就想喝的时候顺便寻找优惠,直接购买校内步行最近的咖啡品牌 / 自动机,不在咖啡店学习或工作,早晨 7:30 前开始营业（满足早八课提神需求）,持续的 “开业前三天买一送一”,偶尔会尝试，但不是刚需,挺好的
294,本科生,1-2 次,线下社交/组会讨论,线下自取（点单后步行至店取走）,校园周边沿街店铺（如枣阳路等步行可达区域）,100-300 元,4,5,3,4,3,会增加好感，但最终仍取决于价格和口味,10-20 元（主流连锁品牌）,有一定影响，领券后会倾向于选择该平台的店铺,步行去校门口取餐点自提（为了特定品牌或更低价格）,室内安静程度（背景音乐音量适中）,早晨 7:30 前开始营业（满足早八课提神需求）,提供针对校内师生的 “外卖免配送费” 活动,必须有相关选项，且经常购买,
295,校外人员,3-5 次,搭配餐食（早餐或下午茶）,堂食（在店内停留使用空间）,校园周边沿街店铺（如枣阳路等步行可达区域）,300-500 元,3,5,4,4,5,会增加好感，但最终仍取决于价格和口味,30 元以上（高端或特调咖啡）,影响很小，只在本来就想喝的时候顺便寻找优惠,步行去校门口取餐点自提（为了特定品牌或更低价格）,室内安静程度（背景音乐音量适中）,晚上 22:00 后继续营业（满足熬夜科研 / 赶 due 需求）,针对本校师生持有效证件（学生证 / 教工证）长期打折,基本不关注，只喝常规款咖啡,无
296,本科生,每天 1 次及以上,图书馆/自习室长时间陪伴、搭配餐食（早餐或下午茶）、线下社交/组会讨论,线下自取（点单后步行至店取走）,校园周边沿街店铺（如枣阳路等步行可达区域）,300-500 元,4,5,2,4,3,基本不关注联名信息，只看产品本身,20-30 元（精品店 / 社交空间）,有一定影响，领券后会倾向于选择该平台的店铺,放弃本次购买,不在咖啡店学习或工作,现有的常规营业时间（如 9:00-21:00）已足够,针对本校师生持有效证件（学生证 / 教工证）长期打折,必须有相关选项，且经常购买,挺好的
297,本科生,3-5 次,搭配餐食（早餐或下午茶）、课间/办公提神,堂食（在店内停留使用空间）,仅通过外卖平台跨区域点单（配送距离较远）,300-500 元,5,5,2,5,1,只要有我喜欢的 IP，一定会去购买,10-20 元（主流连锁品牌）,影响很小，只在本来就想喝的时候顺便寻找优惠,步行去校门口取餐点自提（为了特定品牌或更低价格）,室内安静程度（背景音乐音量适中）,晚上 22:00 后继续营业（满足熬夜科研 / 赶 due 需求）,针对本校师生持有效证件（学生证 / 教工证）长期打折,偶尔会尝试，但不是刚需,挺好的
298,研究生（硕士/博士）,1-2 次,图书馆/自习室长时间陪伴,线下自取（点单后步行至店取走）,校园周边沿街店铺（如枣阳路等步行可达区域）,100-300 元,5,5,3,4,2,会增加好感，但最终仍取决于价格和口味,10-20 元（主流连锁品牌）,有一定影响，领券后会倾向于选择该平台的店铺,直接购买校内步行最近的咖啡品牌 / 自动机,充足的电源插座,周末及节假日保持全天候营业,针对本校师生持有效证件（学生证 / 教工证）长期打折,偶尔会尝试，但不是刚需,
299,本科生,3-5 次,线下社交/组会讨论、图书馆/自习室长时间陪伴,线下自取（点单后步行至店取走）,校内经营点（食堂、教学楼内咖啡柜台 / 自动机等）,100 元以下,4,5,3,5,3,会增加好感，但最终仍取决于价格和口味,10 元以下（极致性价比）,极大刺激了消费，会因为领到大额券而特意下单,放弃本次购买,室内安静程度（背景音乐音量适中）,周末及节假日保持全天候营业,针对本校师生持有效证件（学生证 / 教工证）长期打折,偶尔会尝试，但不是刚需,
300,本科生,1-2 次,线下社交/组会讨论,线下自取（点单后步行至店取走）,附近商圈连锁品牌（如环球港、近铁等）,100 元以下,4,5,4,5,1,仅在有实用赠品（杯垫、贴纸、提袋）时考虑,10-20 元（主流连锁品牌）,极大刺激了消费，会因为领到大额券而特意下单,步行去校门口取餐点自提（为了特定品牌或更低价格）,不在咖啡店学习或工作,早晨 7:30 前开始营业（满足早八课提神需求）,加入该校区专属社群，定期领取大额优惠券,基本不关注，只喝常规款咖啡,希望早八能早点开门，有时候赶早课买不到。
301,本科生,1-2 次,图书馆/自习室长时间陪伴,堂食（在店内停留使用空间）,校园周边沿街店铺（如枣阳路等步行可达区域）,100-300 元,5,5,4,5,3,会增加好感，但最终仍取决于价格和口味,10 元以下（极致性价比）,有一定影响，领券后会倾向于选择该平台的店铺,直接购买校内步行最近的咖啡品牌 / 自动机,充足的电源插座,现有的常规营业时间（如 9:00-21:00）已足够,针对本校师生持有效证件（学生证 / 教工证）长期打折,偶尔会尝试，但不是刚需,
302,本科生,每天 1 次及以上,课间/办公提神,外卖配送（送至校门口或宿舍楼）,校园周边沿街店铺（如枣阳路等步行可达区域）,100-300 元,4,5,3,5,1,会增加好感，但最终仍取决于价格和口味,10-20 元（主流连锁品牌）,有一定影响，领券后会倾向于选择该平台的店铺,步行去校门口取餐点自提（为了特定品牌或更低价格）,桌面高度与椅子舒适度（适合长时间码字）,晚上 22:00 后继续营业（满足熬夜科研 / 赶 due 需求）,加入该校区专属社群，定期领取大额优惠券,必须有相关选项，且经常购买,环球港的店人太多没法自习，希望能多一些安静的独立咖啡馆。
303,教职工,1-2 次,线下社交/组会讨论、图书馆/自习室长时间陪伴,线下自取（点单后步行至店取走）,校内经营点（食堂、教学楼内咖啡柜台 / 自动机等）,500 元以上,4,4,4,5,3,只要有我喜欢的 IP，一定会去购买,10 元以下（极致性价比）,有一定影响，领券后会倾向于选择该平台的店铺,支付更高费用选择能送达校内楼栋的特殊配送,桌面高度与椅子舒适度（适合长时间码字）,早晨 7:30 前开始营业（满足早八课提神需求）,加入该校区专属社群，定期领取大额优惠券,完全不需要,千问的活动希望能多搞，学生党真的很需要优惠！
304,本科生,1-2 次,搭配餐食（早餐或下午茶）、图书馆/自习室长时间陪伴,外卖配送（送至校门口或宿舍楼）,校内经营点（食堂、教学楼内咖啡柜台 / 自动机等）,100-300 元,4,4,2,3,1,会增加好感，但最终仍取决于价格和口味,10-20 元（主流连锁品牌）,有一定影响，领券后会倾向于选择该平台的店铺,步行去校门口取餐点自提（为了特定品牌或更低价格）,充足的电源插座,晚上 22:00 后继续营业（满足熬夜科研 / 赶 due 需求）,针对本校师生持有效证件（学生证 / 教工证）长期打折,基本不关注，只喝常规款咖啡,挺好的
305,校外人员,3-5 次,搭配餐食（早餐或下午茶）,堂食（在店内停留使用空间）,校园周边沿街店铺（如枣阳路等步行可达区域）,500 元以上,4,5,4,4,4,仅在有实用赠品（杯垫、贴纸、提袋）时考虑,20-30 元（精品店 / 社交空间）,有一定影响，领券后会倾向于选择该平台的店铺,直接购买校内步行最近的咖啡品牌 / 自动机,充足的电源插座,早晨 7:30 前开始营业（满足早八课提神需求）,针对本校师生持有效证件（学生证 / 教工证）长期打折,必须有相关选项，且经常购买,
306,本科生,3-5 次,图书馆/自习室长时间陪伴、线下社交/组会讨论、课间/办公提神,外卖配送（送至校门口或宿舍楼）,校内经营点（食堂、教学楼内咖啡柜台 / 自动机等）,300-500 元,4,4,3,3,1,会增加好感，但最终仍取决于价格和口味,10 元以下（极致性价比）,极大刺激了消费，会因为领到大额券而特意下单,步行去校门口取餐点自提（为了特定品牌或更低价格）,不在咖啡店学习或工作,晚上 22:00 后继续营业（满足熬夜科研 / 赶 due 需求）,持续的 “开业前三天买一送一”,基本不关注，只喝常规款咖啡,环球港的店人太多没法自习，希望能多一些安静的独立咖啡馆。
307,本科生,1-2 次,图书馆/自习室长时间陪伴、搭配餐食（早餐或下午茶）,线下自取（点单后步行至店取走）,附近商圈连锁品牌（如环球港、近铁等）,100-300 元,5,4,2,4,2,基本不关注联名信息，只看产品本身,10-20 元（主流连锁品牌）,有一定影响，领券后会倾向于选择该平台的店铺,直接购买校内步行最近的咖啡品牌 / 自动机,桌面高度与椅子舒适度（适合长时间码字）,现有的常规营业时间（如 9:00-21:00）已足够,持续的 “开业前三天买一送一”,偶尔会尝试，但不是刚需,
308,本科生,3-5 次,线下社交/组会讨论、课间/办公提神、搭配餐食（早餐或下午茶）,外卖配送（送至校门口或宿舍楼）,校园周边沿街店铺（如枣阳路等步行可达区域）,100 元以下,4,5,2,5,1,会增加好感，但最终仍取决于价格和口味,10 元以下（极致性价比）,极大刺激了消费，会因为领到大额券而特意下单,支付更高费用选择能送达校内楼栋的特殊配送,不在咖啡店学习或工作,晚上 22:00 后继续营业（满足熬夜科研 / 赶 due 需求）,持续的 “开业前三天买一送一”,基本不关注，只喝常规款咖啡,无
309,校外人员,1-2 次,线下社交/组会讨论、课间/办公提神,堂食（在店内停留使用空间）,附近商圈连锁品牌（如环球港、近铁等）,500 元以上,3,4,4,5,3,会增加好感，但最终仍取决于价格和口味,20-30 元（精品店 / 社交空间）,有一定影响，领券后会倾向于选择该平台的店铺,直接购买校内步行最近的咖啡品牌 / 自动机,充足的电源插座,早晨 7:30 前开始营业（满足早八课提神需求）,持续的 “开业前三天买一送一”,基本不关注，只喝常规款咖啡,
310,研究生（硕士/博士）,1-2 次,线下社交/组会讨论、课间/办公提神,线下自取（点单后步行至店取走）,校内经营点（食堂、教学楼内咖啡柜台 / 自动机等）,100-300 元,4,5,3,5,2,仅在有实用赠品（杯垫、贴纸、提袋）时考虑,20-30 元（精品店 / 社交空间）,极大刺激了消费，会因为领到大额券而特意下单,步行去校门口取餐点自提（为了特定品牌或更低价格）,桌面高度与椅子舒适度（适合长时间码字）,早晨 7:30 前开始营业（满足早八课提神需求）,持续的 “开业前三天买一送一”,偶尔会尝试，但不是刚需,挺好的
311,校外人员,3-5 次,课间/办公提神、线下社交/组会讨论,堂食（在店内停留使用空间）,附近商圈连锁品牌（如环球港、近铁等）,100-300 元,4,4,5,4,5,仅在有实用赠品（杯垫、贴纸、提袋）时考虑,20-30 元（精品店 / 社交空间）,有一定影响，领券后会倾向于选择该平台的店铺,放弃本次购买,室内安静程度（背景音乐音量适中）,现有的常规营业时间（如 9:00-21:00）已足够,针对本校师生持有效证件（学生证 / 教工证）长期打折,基本不关注，只喝常规款咖啡,无
312,校外人员,3-5 次,课间/办公提神,线下自取（点单后步行至店取走）,附近商圈连锁品牌（如环球港、近铁等）,300-500 元,2,5,5,5,3,会增加好感，但最终仍取决于价格和口味,10-20 元（主流连锁品牌）,极大刺激了消费，会因为领到大额券而特意下单,步行去校门口取餐点自提（为了特定品牌或更低价格）,室内安静程度（背景音乐音量适中）,早晨 7:30 前开始营业（满足早八课提神需求）,提供针对校内师生的 “外卖免配送费” 活动,偶尔会尝试，但不是刚需,挺好的
313,本科生,3-5 次,线下社交/组会讨论,线下自取（点单后步行至店取走）,附近商圈连锁品牌（如环球港、近铁等）,100-300 元,5,4,3,5,3,只要有我喜欢的 IP，一定会去购买,10-20 元（主流连锁品牌）,极大刺激了消费，会因为领到大额券而特意下单,步行去校门口取餐点自提（为了特定品牌或更低价格）,室内采光与通风情况,早晨 7:30 前开始营业（满足早八课提神需求）,针对本校师生持有效证件（学生证 / 教工证）长期打折,基本不关注，只喝常规款咖啡,枣阳路外卖送不进来太难受了，希望能多点校内经营点。
314,本科生,3-5 次,课间/办公提神,线下自取（点单后步行至店取走）,校园周边沿街店铺（如枣阳路等步行可达区域）,100 元以下,4,4,4,3,2,会增加好感，但最终仍取决于价格和口味,10-20 元（主流连锁品牌）,极大刺激了消费，会因为领到大额券而特意下单,放弃本次购买,室内安静程度（背景音乐音量适中）,现有的常规营业时间（如 9:00-21:00）已足够,针对本校师生持有效证件（学生证 / 教工证）长期打折,偶尔会尝试，但不是刚需,无
315,研究生（硕士/博士）,3-5 次,图书馆/自习室长时间陪伴、课间/办公提神,线下自取（点单后步行至店取走）,校内经营点（食堂、教学楼内咖啡柜台 / 自动机等）,300-500 元,4,4,2,4,3,仅在有实用赠品（杯垫、贴纸、提袋）时考虑,10-20 元（主流连锁品牌）,极大刺激了消费，会因为领到大额券而特意下单,直接购买校内步行最近的咖啡品牌 / 自动机,室内安静程度（背景音乐音量适中）,早晨 7:30 前开始营业（满足早八课提神需求）,提供针对校内师生的 “外卖免配送费” 活动,偶尔会尝试，但不是刚需,无
316,校外人员,1-2 次,线下社交/组会讨论,堂食（在店内停留使用空间）,校园周边沿街店铺（如枣阳路等步行可达区域）,100-300 元,4,3,4,4,4,会增加好感，但最终仍取决于价格和口味,20-30 元（精品店 / 社交空间）,极大刺激了消费，会因为领到大额券而特意下单,步行去校门口取餐点自提（为了特定品牌或更低价格）,充足的电源插座,周末及节假日保持全天候营业,针对本校师生持有效证件（学生证 / 教工证）长期打折,偶尔会尝试，但不是刚需,挺好的
317,校外人员,3-5 次,课间/办公提神,外卖配送（送至校门口或宿舍楼）,校园周边沿街店铺（如枣阳路等步行可达区域）,100-300 元,4,4,4,5,3,仅在有实用赠品（杯垫、贴纸、提袋）时考虑,20-30 元（精品店 / 社交空间）,极大刺激了消费，会因为领到大额券而特意下单,步行去校门口取餐点自提（为了特定品牌或更低价格）,室内安静程度（背景音乐音量适中）,早晨 7:30 前开始营业（满足早八课提神需求）,针对本校师生持有效证件（学生证 / 教工证）长期打折,必须有相关选项，且经常购买,无
318,本科生,1-2 次,图书馆/自习室长时间陪伴、搭配餐食（早餐或下午茶）、线下社交/组会讨论,堂食（在店内停留使用空间）,校园周边沿街店铺（如枣阳路等步行可达区域）,100 元以下,5,4,3,4,3,仅在有实用赠品（杯垫、贴纸、提袋）时考虑,10 元以下（极致性价比）,极大刺激了消费，会因为领到大额券而特意下单,放弃本次购买,不在咖啡店学习或工作,早晨 7:30 前开始营业（满足早八课提神需求）,针对本校师生持有效证件（学生证 / 教工证）长期打折,偶尔会尝试，但不是刚需,无
319,本科生,3-5 次,线下社交/组会讨论、搭配餐食（早餐或下午茶）,线下自取（点单后步行至店取走）,附近商圈连锁品牌（如环球港、近铁等）,100-300 元,5,4,3,4,1,会增加好感，但最终仍取决于价格和口味,10 元以下（极致性价比）,极大刺激了消费，会因为领到大额券而特意下单,放弃本次购买,充足的电源插座,早晨 7:30 前开始营业（满足早八课提神需求）,持续的 “开业前三天买一送一”,基本不关注，只喝常规款咖啡,无
320,研究生（硕士/博士）,1-2 次,图书馆/自习室长时间陪伴,线下自取（点单后步行至店取走）,附近商圈连锁品牌（如环球港、近铁等）,100 元以下,5,5,2,4,1,会增加好感，但最终仍取决于价格和口味,10-20 元（主流连锁品牌）,有一定影响，领券后会倾向于选择该平台的店铺,步行去校门口取餐点自提（为了特定品牌或更低价格）,充足的电源插座,早晨 7:30 前开始营业（满足早八课提神需求）,针对本校师生持有效证件（学生证 / 教工证）长期打折,偶尔会尝试，但不是刚需,挺好的
321,本科生,每天 1 次及以上,搭配餐食（早餐或下午茶）、图书馆/自习室长时间陪伴,线下自取（点单后步行至店取走）,附近商圈连锁品牌（如环球港、近铁等）,100-300 元,4,4,2,5,1,会增加好感，但最终仍取决于价格和口味,20-30 元（精品店 / 社交空间）,有一定影响，领券后会倾向于选择该平台的店铺,步行去校门口取餐点自提（为了特定品牌或更低价格）,室内安静程度（背景音乐音量适中）,早晨 7:30 前开始营业（满足早八课提神需求）,提供针对校内师生的 “外卖免配送费” 活动,偶尔会尝试，但不是刚需,
322,本科生,1-2 次,课间/办公提神、搭配餐食（早餐或下午茶）、图书馆/自习室长时间陪伴,线下自取（点单后步行至店取走）,校园周边沿街店铺（如枣阳路等步行可达区域）,300-500 元,5,4,4,4,3,会增加好感，但最终仍取决于价格和口味,10-20 元（主流连锁品牌）,极大刺激了消费，会因为领到大额券而特意下单,直接购买校内步行最近的咖啡品牌 / 自动机,充足的电源插座,周末及节假日保持全天候营业,持续的 “开业前三天买一送一”,偶尔会尝试，但不是刚需,无
323,研究生（硕士/博士）,1-2 次,线下社交/组会讨论,线下自取（点单后步行至店取走）,校园周边沿街店铺（如枣阳路等步行可达区域）,100 元以下,5,4,4,4,1,基本不关注联名信息，只看产品本身,20-30 元（精品店 / 社交空间）,有一定影响，领券后会倾向于选择该平台的店铺,放弃本次购买,室内采光与通风情况,早晨 7:30 前开始营业（满足早八课提神需求）,针对本校师生持有效证件（学生证 / 教工证）长期打折,偶尔会尝试，但不是刚需,枣阳路外卖送不进来太难受了，希望能多点校内经营点。
324,研究生（硕士/博士）,每天 1 次及以上,线下社交/组会讨论,外卖配送（送至校门口或宿舍楼）,仅通过外卖平台跨区域点单（配送距离较远）,100-300 元,5,4,3,4,2,会增加好感，但最终仍取决于价格和口味,20-30 元（精品店 / 社交空间）,极大刺激了消费，会因为领到大额券而特意下单,直接购买校内步行最近的咖啡品牌 / 自动机,桌面高度与椅子舒适度（适合长时间码字）,早晨 7:30 前开始营业（满足早八课提神需求）,提供针对校内师生的 “外卖免配送费” 活动,基本不关注，只喝常规款咖啡,希望早八能早点开门，有时候赶早课买不到。
325,校外人员,3-5 次,搭配餐食（早餐或下午茶）,堂食（在店内停留使用空间）,附近商圈连锁品牌（如环球港、近铁等）,100-300 元,4,4,4,4,5,会增加好感，但最终仍取决于价格和口味,10-20 元（主流连锁品牌）,极大刺激了消费，会因为领到大额券而特意下单,步行去校门口取餐点自提（为了特定品牌或更低价格）,充足的电源插座,现有的常规营业时间（如 9:00-21:00）已足够,针对本校师生持有效证件（学生证 / 教工证）长期打折,偶尔会尝试，但不是刚需,挺好的
326,本科生,1-2 次,课间/办公提神、图书馆/自习室长时间陪伴,线下自取（点单后步行至店取走）,附近商圈连锁品牌（如环球港、近铁等）,100-300 元,4,5,4,5,2,会增加好感，但最终仍取决于价格和口味,10-20 元（主流连锁品牌）,有一定影响，领券后会倾向于选择该平台的店铺,步行去校门口取餐点自提（为了特定品牌或更低价格）,充足的电源插座,现有的常规营业时间（如 9:00-21:00）已足够,针对本校师生持有效证件（学生证 / 教工证）长期打折,基本不关注，只喝常规款咖啡,枣阳路外卖送不进来太难受了，希望能多点校内经营点。
